,model,sim,3G,4G,5G,Wi-Fi,VoLTE,Vo5G,NFC,extra_conecctions
0,OnePlus 11 5G,Dual Sim, 3G,4G,5G,Wi-Fi,VoLTE,No data,NFC,No data
1,OnePlus Nord CE 2 Lite 5G,Dual Sim, 3G,4G,5G,Wi-Fi,VoLTE,No data,No data,No data
2,Samsung Galaxy A14 5G,Dual Sim, 3G,4G,5G,Wi-Fi,VoLTE,No data,No data,No data
3,Motorola Moto G62 5G,Dual Sim, 3G,4G,5G,Wi-Fi,VoLTE,No data,No data,No data
4,Realme 10 Pro Plus,Dual Sim, 3G,4G,5G,Wi-Fi,VoLTE,No data,No data,No data
5,Samsung Galaxy F23 5G (6GB RAM + 128GB),Dual Sim, 3G,4G,5G,Wi-Fi,VoLTE,No data,NFC,No data
6,Apple iPhone 14,Dual Sim, 3G,4G,5G,Wi-Fi,VoLTE,No data,NFC,No data
7,Xiaomi Redmi Note 12 Pro Plus,Dual Sim, 3G,4G,5G,Wi-Fi,VoLTE,No data,No data,IR Blaster
8,Nothing Phone 1,Dual Sim, 3G,4G,5G,Wi-Fi,VoLTE,No data,NFC,No FM Radio
9,OnePlus Nord 2T 5G,Dual Sim, 3G,4G,5G,Wi-Fi,VoLTE,No data,NFC,No FM Radio
10,Realme 10 Pro,Dual Sim, 3G,4G,5G,Wi-Fi,VoLTE,No data,No data,No data
11,Oppo A78,Dual Sim, 3G,4G,5G,Wi-Fi,VoLTE,No data,NFC,No data
12,Xiaomi Redmi Note 12 Pro 5G,Dual Sim, 3G,4G,5G,Wi-Fi,VoLTE,No data,No data,"IR Blaster, No FM Radio"
13,Vivo T1 5G (6GB RAM + 128GB),Dual Sim, 3G,4G,5G,Wi-Fi,VoLTE,No data,No data,No data
14,Samsung Galaxy S23 Ultra 5G,Dual Sim, 3G,4G,5G,Wi-Fi,VoLTE,Vo5G,NFC,No data
15,Apple iPhone 13,Dual Sim, 3G,4G,5G,Wi-Fi,VoLTE,No data,NFC,No data
16,Vivo Y16,Dual Sim, 3G,4G,No data,Wi-Fi,VoLTE,No data,No data,No data
17,OPPO Reno 9 Pro Plus,Dual Sim, 3G,4G,5G,Wi-Fi,VoLTE,No data,NFC,No FM Radio
18,OnePlus 10R 5G,Dual Sim, 3G,4G,5G,Wi-Fi,VoLTE,No data,NFC,Bluetooth
19,Vivo Y22,Dual Sim, 3G,4G,No data,Wi-Fi,VoLTE,No data,No data,No data
20,OnePlus 11R,Dual Sim, 3G,4G,5G,Wi-Fi,VoLTE,No data,NFC,Bluetooth
21,Vivo V25 Pro 5G,Dual Sim, 3G,4G,5G,Wi-Fi,VoLTE,No data,No data,No FM Radio
22,Poco X4 Pro 5G,Dual Sim, 3G,4G,5G,Wi-Fi,VoLTE,No data,No data,IR Blaster
23,Xiaomi Redmi Note 12,Dual Sim, 3G,4G,5G,Wi-Fi,VoLTE,No data,No data,IR Blaster
24,Vivo V26 Pro,Dual Sim, 3G,4G,5G,Wi-Fi,VoLTE,No data,NFC,No FM Radio
25,Samsung Galaxy S20 FE 5G,Dual Sim, 3G,4G,5G,Wi-Fi,VoLTE,No data,NFC,No data
26,OnePlus Nord CE 2 Lite 5G (8GB RAM + 128GB),Dual Sim, 3G,4G,5G,Wi-Fi,VoLTE,No data,No data,No data
27,Apple iPhone 14 Pro Max,Dual Sim, 3G,4G,5G,Wi-Fi,VoLTE,No data,NFC,No data
28,Vivo V25 5G,Dual Sim, 3G,4G,5G,Wi-Fi,VoLTE,No data,No data,No data
29,OnePlus 11 Pro,Dual Sim, 3G,4G,5G,Wi-Fi,VoLTE,No data,NFC,No FM Radio
30,Realme 10 Pro (8GB RAM + 128GB),Dual Sim, 3G,4G,5G,Wi-Fi,VoLTE,No data,No data,No data
31,Poco X5 Pro,Dual Sim, 3G,4G,5G,Wi-Fi,VoLTE,No data,NFC,IR Blaster
32,Vivo V27,Dual Sim, 3G,4G,5G,Wi-Fi,VoLTE,No data,No data,No data
33,Apple iPhone 11,Dual Sim, 3G,4G,No data,Wi-Fi,VoLTE,No data,NFC,No data
34,Samsung Galaxy M53 5G,Dual Sim, 3G,4G,5G,Wi-Fi,VoLTE,No data,No data,No data
35,Samsung Galaxy S21 FE 5G,Dual Sim, 3G,4G,5G,Wi-Fi,VoLTE,No data,NFC,No data
36,Oppo Reno 8T,Dual Sim, 3G,4G,5G,Wi-Fi,VoLTE,No data,NFC,No data
37,Samsung Galaxy S22 Ultra 5G,Dual Sim, 3G,4G,5G,Wi-Fi,VoLTE,No data,NFC,Bluetooth
38,Xiaomi Redmi Note 12 Pro Max 5G,Dual Sim, 3G,4G,5G,Wi-Fi,VoLTE,No data,No data,IR Blaster
39,OPPO Reno 9 5G,Dual Sim, 3G,4G,5G,Wi-Fi,VoLTE,No data,NFC,No FM Radio
40,OnePlus Nord CE 3 5G,Dual Sim, 3G,4G,5G,Wi-Fi,VoLTE,No data,NFC,No data
41,Xiaomi Redmi Note 11 Pro Plus 5G,Dual Sim, 3G,4G,5G,Wi-Fi,VoLTE,No data,No data,IR Blaster
42,Motorola Edge 20 Fusion 5G,Dual Sim, 3G,4G,5G,Wi-Fi,VoLTE,No data,NFC,No data
43,Realme 10 Pro Plus (8GB RAM + 256GB),Dual Sim, 3G,4G,5G,Wi-Fi,VoLTE,No data,No data,No data
44,Vivo Y35,Dual Sim, 3G,4G,No data,Wi-Fi,VoLTE,No data,No data,No data
45,Samsung Galaxy M33 5G,Dual Sim, 3G,4G,5G,Wi-Fi,VoLTE,No data,NFC,No data
46,Xiaomi Redmi Note 11,Dual Sim, 3G,4G,No data,Wi-Fi,VoLTE,No data,No data,IR Blaster
47,Realme C33,Dual Sim, 3G,4G,No data,Wi-Fi,VoLTE,No data,No data,No data
48,Vivo Y16 (4GB RAM + 64GB),Dual Sim, 3G,4G,No data,Wi-Fi,VoLTE,No data,No data,No data
49,Samsung Galaxy A74 5G,Dual Sim, 3G,4G,5G,Wi-Fi,VoLTE,No data,NFC,No data
50,Samsung Galaxy A14 5G (6GB RAM + 128GB),Dual Sim, 3G,4G,5G,Wi-Fi,VoLTE,No data,No data,No data
51,iQOO Neo 7 5G,Dual Sim, 3G,4G,5G,Wi-Fi,VoLTE,No data,NFC,"IR Blaster, No FM Radio"
52,Jio JioPhone 5G,Dual Sim, 3G,4G,5G,Wi-Fi,VoLTE,No data,No data,No data
53,Motorola Moto G82 5G,Dual Sim, 3G,4G,5G,Wi-Fi,VoLTE,No data,NFC,No data
54,Realme 10,Dual Sim, 3G,4G,No data,Wi-Fi,VoLTE,No data,No data,No data
55,Realme 9i 5G,Dual Sim, 3G,4G,5G,Wi-Fi,VoLTE,No data,No data,No data
56,Apple iPhone 14 Plus,Dual Sim, 3G,4G,5G,Wi-Fi,VoLTE,No data,NFC,No data
57,Xiaomi Redmi Note 10S,Dual Sim, 3G,4G,No data,Wi-Fi,VoLTE,No data,No data,IR Blaster
58,Samsung Galaxy S23 Plus,Dual Sim, 3G,4G,5G,Wi-Fi,VoLTE,Vo5G,NFC,No FM Radio
59,Motorola Moto G32,Dual Sim, 3G,4G,No data,Wi-Fi,VoLTE,No data,No data,No data
60,Xiaomi Redmi Note 13 Pro 5G,Dual Sim, 3G,4G,5G,Wi-Fi,VoLTE,No data,NFC,"IR Blaster, Bluetooth"
61,Vivo S16,Dual Sim, 3G,4G,5G,Wi-Fi,VoLTE,No data,NFC,No FM Radio
62,Samsung Galaxy A23,Dual Sim, 3G,4G,No data,Wi-Fi,VoLTE,No data,No data,No data
63,Vivo Y22 (6GB RAM + 128GB),Dual Sim, 3G,4G,No data,Wi-Fi,VoLTE,No data,No data,No data
64,Poco M4 Pro 5G (6GB RAM + 128GB),Dual Sim, 3G,4G,5G,Wi-Fi,VoLTE,No data,No data,IR Blaster
65,Vivo S16 Pro,Dual Sim, 3G,4G,5G,Wi-Fi,VoLTE,No data,NFC,No FM Radio
66,OnePlus 10 Pro 5G,Dual Sim, 3G,4G,5G,Wi-Fi,VoLTE,No data,NFC,No FM Radio
67,Xiaomi Redmi Note 12 Pro Plus (12GB RAM + 256GB),Dual Sim, 3G,4G,5G,Wi-Fi,VoLTE,No data,No data,IR Blaster
68,Samsung Galaxy F23 5G,Dual Sim, 3G,4G,5G,Wi-Fi,VoLTE,No data,NFC,No data
69,Oppo Find N Fold,Dual Sim, 3G,4G,5G,Wi-Fi,VoLTE,No data,NFC,No data
70,OPPO A17K,Dual Sim, 3G,4G,No data,Wi-Fi,VoLTE,No data,No data,No data
71,Vivo V23 5G (12GB RAM + 256GB),Dual Sim, 3G,4G,5G,Wi-Fi,VoLTE,No data,No data,No data
72,iQOO Z6 Lite 5G,Dual Sim, 3G,4G,5G,Wi-Fi,VoLTE,No data,No data,No data
73,OnePlus 10T,Dual Sim, 3G,4G,5G,Wi-Fi,VoLTE,No data,NFC,No FM Radio
74,Xiaomi Redmi Note 10T 5G (6GB RAM +128GB),Dual Sim, 3G,4G,5G,Wi-Fi,VoLTE,No data,No data,IR Blaster
75,Gionee G13 Pro,Dual Sim, 3G,4G,No data,Wi-Fi,VoLTE,No data,No data,No data
76,Apple iPhone 13 Pro,Dual Sim, 3G,4G,5G,Wi-Fi,VoLTE,No data,NFC,No data
77,OPPO F22 Pro,Dual Sim, 3G,4G,5G,Wi-Fi,VoLTE,No data,No data,No data
78,Samsung Galaxy A34 5G,Dual Sim, 3G,4G,5G,Wi-Fi,VoLTE,No data,NFC,No data
79,Xiaomi Redmi 10A (4GB RAM + 64GB),Dual Sim, 3G,4G,No data,Wi-Fi,VoLTE,No data,No data,No data
80,Motorola Moto G72 4G,Dual Sim, 3G,4G,No data,Wi-Fi,VoLTE,No data,NFC,No data
81,Samsung Galaxy A14 5G (8GB RAM + 128GB),Dual Sim, 3G,4G,5G,Wi-Fi,VoLTE,No data,No data,No data
82,Realme 9 5G,Dual Sim, 3G,4G,5G,Wi-Fi,VoLTE,No data,No data,No data
83,Vivo T1 5G (8GB RAM + 128GB),Dual Sim, 3G,4G,5G,Wi-Fi,VoLTE,No data,No data,No data
84,Samsung Galaxy M13 5G,Dual Sim, 3G,4G,5G,Wi-Fi,VoLTE,No data,No data,No data
85,Motorola Edge 30 5G,Dual Sim, 3G,4G,5G,Wi-Fi,VoLTE,No data,NFC,No FM Radio
86,Samsung Galaxy A23 5G,Dual Sim, 3G,4G,5G,Wi-Fi,VoLTE,No data,No data,No data
87,OPPO K10 5G,Dual Sim, 3G,4G,5G,Wi-Fi,VoLTE,No data,No data,No data
88,Xiaomi Redmi Note 11 (6GB RAM + 128GB),Dual Sim, 3G,4G,No data,Wi-Fi,VoLTE,No data,No data,IR Blaster
89,Samsung Galaxy A73 5G,Dual Sim, 3G,4G,5G,Wi-Fi,VoLTE,No data,NFC,No data
90,Vivo Y21 2021,Dual Sim, 3G,4G,No data,Wi-Fi,VoLTE,No data,No data,No data
91,OnePlus Ace Racing Edition 5G,Dual Sim, 3G,4G,5G,Wi-Fi,VoLTE,No data,NFC,No FM Radio
92,Motorola Moto G62 (8GB RAM + 128GB),Dual Sim, 3G,4G,5G,Wi-Fi,VoLTE,No data,No data,No data
93,Vivo X90 Pro Plus 5G,Dual Sim, 3G,4G,5G,Wi-Fi,VoLTE,No data,NFC,"IR Blaster, No FM Radio"
94,Realme C33 (4GB RAM + 64GB),Dual Sim, 3G,4G,No data,Wi-Fi,VoLTE,No data,No data,No data
95,Realme 9i,Dual Sim, 3G,4G,No data,Wi-Fi,VoLTE,No data,No data,No data
96,OPPO A17,Dual Sim, 3G,4G,No data,Wi-Fi,VoLTE,No data,No data,No data
97,iQOO 11 5G,Dual Sim, 3G,4G,5G,Wi-Fi,VoLTE,No data,NFC,No FM Radio
98,Vivo X Fold 5G,Dual Sim, 3G,4G,5G,Wi-Fi,VoLTE,No data,NFC,No data
99,Vivo T1 5G,Dual Sim, 3G,4G,5G,Wi-Fi,VoLTE,No data,No data,No data
100,Apple iPhone 14 Pro,Dual Sim, 3G,4G,5G,Wi-Fi,VoLTE,No data,NFC,No data
101,Xiaomi Redmi Note 11 Pro Max 5G,Dual Sim, 3G,4G,5G,Wi-Fi,VoLTE,No data,No data,IR Blaster
102,Motorola Moto S30 Pro,Dual Sim, 3G,4G,5G,Wi-Fi,VoLTE,No data,No data,No FM Radio
103,Realme 10s,Dual Sim, 3G,4G,5G,Wi-Fi,VoLTE,No data,No data,No data
104,OPPO F19 Pro Plus 5G,Dual Sim, 3G,4G,5G,Wi-Fi,VoLTE,No data,No data,No data
105,Xiaomi 13 Pro 5G,Dual Sim, 3G,4G,5G,Wi-Fi,VoLTE,No data,NFC,IR Blaster
106,Vivo V27 Pro,Dual Sim, 3G,4G,5G,Wi-Fi,VoLTE,No data,No data,No FM Radio
107,Samsung Galaxy S22 5G,Dual Sim, 3G,4G,5G,Wi-Fi,VoLTE,No data,NFC,Bluetooth
108,Vivo T1 44W (6GB RAM + 128GB),Dual Sim, 3G,4G,No data,Wi-Fi,VoLTE,No data,No data,No data
109,OnePlus 10R 5G (12GB RAM + 256GB),Dual Sim, 3G,4G,5G,Wi-Fi,VoLTE,No data,NFC,Bluetooth
110,Tecno Phantom X2,Dual Sim, 3G,4G,5G,Wi-Fi,VoLTE,No data,NFC,No FM Radio
111,Apple iPhone 12,Dual Sim, 3G,4G,5G,Wi-Fi,VoLTE,No data,NFC,No FM Radio
112,Xiaomi Redmi K50i 5G,Dual Sim, 3G,4G,5G,Wi-Fi,VoLTE,No data,No data,"IR Blaster, Bluetooth"
113,Samsung Galaxy A53 5G,Dual Sim, 3G,4G,5G,Wi-Fi,VoLTE,No data,NFC,No data
114,Xiaomi Redmi A1,Dual Sim, 3G,4G,No data,Wi-Fi,VoLTE,No data,No data,No data
115,OPPO Reno8 5G,Dual Sim, 3G,4G,5G,Wi-Fi,VoLTE,No data,NFC,No FM Radio
116,Samsung Galaxy M53 5G (8GB RAM + 128GB),Dual Sim, 3G,4G,5G,Wi-Fi,VoLTE,No data,No data,No data
117,iQOO Z6 Pro 5G,Dual Sim, 3G,4G,5G,Wi-Fi,VoLTE,No data,No data,No data
118,Tesla Pi Phone,Dual Sim, 3G,4G,5G,Wi-Fi,VoLTE,No data,NFC,No data
119,Samsung Galaxy S23,Dual Sim, 3G,4G,5G,Wi-Fi,VoLTE,Vo5G,NFC,No FM Radio
120,Motorola Edge 30 Pro 5G,Dual Sim, 3G,4G,5G,Wi-Fi,VoLTE,No data,NFC,No FM Radio
121,OnePlus Nord 2T (12GB RAM + 256GB),Dual Sim, 3G,4G,5G,Wi-Fi,VoLTE,No data,NFC,No FM Radio
122,Google Pixel 6A,Dual Sim, 3G,4G,5G,Wi-Fi,VoLTE,No data,NFC,No data
123,Infinix Note 12 Pro 5G,Dual Sim, 3G,4G,5G,Wi-Fi,VoLTE,No data,No data,No data
124,Samsung Galaxy M33 5G (8GB RAM + 128GB),Dual Sim, 3G,4G,5G,Wi-Fi,VoLTE,No data,NFC,No data
125,Vivo V23 5G,Dual Sim, 3G,4G,5G,Wi-Fi,VoLTE,No data,No data,No data
126,Motorola Moto G42,Dual Sim, 3G,4G,No data,Wi-Fi,VoLTE,No data,NFC,No data
127,OnePlus Nord CE 2 Lite 5G (8GB RAM + 256GB),Dual Sim, 3G,4G,5G,Wi-Fi,VoLTE,No data,No data,No data
128,Samsung Galaxy A33 5G,Dual Sim, 3G,4G,5G,Wi-Fi,VoLTE,No data,NFC,No data
129,Google Pixel 7A,Dual Sim, 3G,4G,5G,Wi-Fi,VoLTE,No data,NFC,No data
130,Xiaomi Redmi 11 Prime 5G,Dual Sim, 3G,4G,5G,Wi-Fi,VoLTE,No data,No data,IR Blaster
131,Xiaomi Redmi Note 10 Lite,Dual Sim, 3G,4G,No data,Wi-Fi,VoLTE,No data,No data,IR Blaster
132,Motorola Moto E40,Dual Sim, 3G,4G,No data,Wi-Fi,VoLTE,No data,No data,No data
133,Nothing Phone 1 (8GB RAM + 256GB),Dual Sim, 3G,4G,5G,Wi-Fi,VoLTE,No data,NFC,No FM Radio
134,Poco X4 Pro 5G (6GB RAM + 128GB),Dual Sim, 3G,4G,5G,Wi-Fi,VoLTE,No data,No data,IR Blaster
135,Xiaomi Redmi Note 11 Pro Plus 5G (8GB RAM + 256GB),Dual Sim, 3G,4G,5G,Wi-Fi,VoLTE,No data,No data,IR Blaster
136,Apple iPhone 11 (128GB),Dual Sim, 3G,4G,No data,Wi-Fi,VoLTE,No data,NFC,No data
137,Realme C35 (6GB RAM + 128GB),Dual Sim, 3G,4G,No data,Wi-Fi,VoLTE,No data,No data,No data
138,OPPO K10,Dual Sim, 3G,4G,No data,Wi-Fi,VoLTE,No data,No data,No data
139,iQOO Neo 6 5G,Dual Sim, 3G,4G,5G,Wi-Fi,VoLTE,No data,No data,"IR Blaster, No FM Radio"
140,iQOO Z6 5G,Dual Sim, 3G,4G,5G,Wi-Fi,VoLTE,No data,No data,No data
141,OPPO Reno 9 Pro 5G,Dual Sim, 3G,4G,5G,Wi-Fi,VoLTE,No data,NFC,No FM Radio
142,Poco M4 Pro 5G,Dual Sim, 3G,4G,5G,Wi-Fi,VoLTE,No data,No data,IR Blaster
143,Jio Phone 3,Dual Sim, 3G,4G,No data,Wi-Fi,VoLTE,No data,No data,No data
144,OnePlus Clover,Dual Sim, 3G,4G,No data,Wi-Fi,VoLTE,No data,No data,No data
145,Samsung Galaxy F04,Dual Sim, 3G,4G,No data,Wi-Fi,VoLTE,No data,No data,No data
146,iQOO 7,Dual Sim, 3G,4G,5G,Wi-Fi,VoLTE,No data,NFC,No FM Radio
147,Samsung Galaxy M34 5G,Dual Sim, 3G,4G,5G,Wi-Fi,VoLTE,No data,NFC,No data
148,Xiaomi Redmi 10,Dual Sim, 3G,4G,No data,Wi-Fi,VoLTE,No data,No data,No data
149,Apple iPhone 12 Mini,Dual Sim, 3G,4G,5G,Wi-Fi,VoLTE,No data,NFC,No FM Radio
150,Xiaomi Redmi Note 12 (6GB RAM + 128GB),Dual Sim, 3G,4G,5G,Wi-Fi,VoLTE,No data,No data,IR Blaster
151,Motorola Moto G52,Dual Sim, 3G,4G,No data,Wi-Fi,VoLTE,No data,NFC,No data
152,Apple iPhone 15 Pro Max,Dual Sim, 3G,4G,5G,Wi-Fi,VoLTE,No data,NFC,No data
153,Oppo A98,Dual Sim, 3G,4G,5G,Wi-Fi,VoLTE,No data,NFC,No data
154,Infinix Zero 5G 2023,Dual Sim, 3G,4G,5G,Wi-Fi,VoLTE,No data,No data,No data
155,Nokia 2780 Flip,Dual Sim, 3G,4G,No data,Wi-Fi,No data,No data,No data,No data
156,Realme C30,Dual Sim, 3G,4G,No data,Wi-Fi,VoLTE,No data,No data,No data
157,OPPO F21 Pro 5G,Dual Sim, 3G,4G,5G,Wi-Fi,VoLTE,No data,No data,No data
158,Realme 11 Pro,Dual Sim, 3G,4G,5G,Wi-Fi,VoLTE,No data,No data,No data
159,Oppo Find N2 5G,Dual Sim, 3G,4G,5G,Wi-Fi,VoLTE,No data,NFC,No data
160,Realme 9 4G,Dual Sim, 3G,4G,No data,Wi-Fi,VoLTE,No data,No data,No data
161,Cola Phone,Dual Sim, 3G,4G,No data,Wi-Fi,VoLTE,No data,No data,No data
162,Apple iPhone 13 Pro Max,Dual Sim, 3G,4G,5G,Wi-Fi,VoLTE,No data,NFC,No data
163,Oppo Reno 10 Pro Plus,Dual Sim, 3G,4G,5G,Wi-Fi,VoLTE,No data,NFC,No FM Radio
164,Vivo X90 5G,Dual Sim, 3G,4G,5G,Wi-Fi,VoLTE,No data,NFC,IR Blaster
165,Samsung Galaxy F13,Dual Sim, 3G,4G,No data,Wi-Fi,VoLTE,No data,NFC,No data
166,Xiaomi Redmi Note 10S (6GB RAM + 128GB),Dual Sim, 3G,4G,No data,Wi-Fi,VoLTE,No data,No data,IR Blaster
167,Realme 10 (8GB RAM + 128GB),Dual Sim, 3G,4G,No data,Wi-Fi,VoLTE,No data,No data,No data
168,iQOO 9 SE 5G,Dual Sim, 3G,4G,5G,Wi-Fi,VoLTE,No data,NFC,No FM Radio
169,Infinix Hot 20,Dual Sim, 3G,4G,5G,Wi-Fi,VoLTE,No data,No data,No data
170,Letv Y1 Pro,Dual Sim, 3G,4G,No data,Wi-Fi,VoLTE,No data,No data,No FM Radio
171,Xiaomi Redmi Note 13 Pro Max 5G,Dual Sim, 3G,4G,5G,Wi-Fi,VoLTE,No data,No data,IR Blaster
172,Realme Narzo 50 Pro 5G,Dual Sim, 3G,4G,5G,Wi-Fi,VoLTE,No data,No data,No data
173,OPPO A74 5G,Dual Sim, 3G,4G,5G,Wi-Fi,VoLTE,No data,No data,No data
174,Apple iPhone 9,Single Sim, 3G,4G,No data,Wi-Fi,VoLTE,No data,NFC,No data
175,iQOO Z6 Lite (6GB RAM + 128GB),Dual Sim, 3G,4G,5G,Wi-Fi,VoLTE,No data,No data,No data
176,Xiaomi Redmi Note 11SE,Dual Sim, 3G,4G,No data,Wi-Fi,VoLTE,No data,No data,IR Blaster
177,Realme Narzo 50,Dual Sim, 3G,4G,No data,Wi-Fi,VoLTE,No data,No data,No data
178,Vivo Y75 5G,Dual Sim, 3G,4G,5G,Wi-Fi,VoLTE,No data,No data,No data
179,Vivo V25 (12GB RAM + 256GB),Dual Sim, 3G,4G,5G,Wi-Fi,VoLTE,No data,No data,No data
180,POCO M4 Pro 4G,Dual Sim, 3G,4G,No data,Wi-Fi,VoLTE,No data,No data,IR Blaster
181,Infinix Zero Ultra,Dual Sim, 3G,4G,5G,Wi-Fi,VoLTE,No data,No data,No data
182,Tecno Spark Go 2023,Dual Sim, 3G,4G,No data,Wi-Fi,VoLTE,No data,No data,No data
183,Motorola Moto X40,Dual Sim, 3G,4G,5G,Wi-Fi,VoLTE,No data,NFC,No FM Radio
184,Samsung Galaxy F24 5G,Dual Sim, 3G,4G,5G,Wi-Fi,VoLTE,No data,NFC,No data
185,Realme 10 5G,Dual Sim, 3G,4G,5G,Wi-Fi,VoLTE,No data,No data,No data
186,OnePlus Nord 3 5G,Dual Sim, 3G,4G,5G,Wi-Fi,VoLTE,No data,NFC,No FM Radio
187,Motorola Moto G82 (8GB RAM + 128GB),Dual Sim, 3G,4G,5G,Wi-Fi,VoLTE,No data,NFC,No data
188,iKall Z19 Pro,Dual Sim, 3G,4G,No data,Wi-Fi,VoLTE,No data,No data,No data
189,LeEco S1 Pro,Dual Sim, 3G,4G,No data,Wi-Fi,VoLTE,No data,No data,No FM Radio
190,Realme C2s,Dual Sim, 3G,4G,No data,Wi-Fi,VoLTE,No data,No data,No data
191,Duoqin F22 Pro,Dual Sim, 3G,4G,No data,Wi-Fi,VoLTE,No data,No data,No data
192,Samsung Galaxy M54 5G,Dual Sim, 3G,4G,5G,Wi-Fi,VoLTE,No data,No data,No data
193,Nokia N73 5G,Dual Sim, 3G,4G,5G,Wi-Fi,VoLTE,No data,No data,No data
194,Motorola Edge 30 Fusion 5G,Dual Sim, 3G,4G,5G,Wi-Fi,VoLTE,No data,NFC,No data
195,Realme C35,Dual Sim, 3G,4G,No data,Wi-Fi,VoLTE,No data,No data,No data
196,OPPO Reno 8 Pro House of Dragon Edition,Dual Sim, 3G,4G,5G,Wi-Fi,VoLTE,No data,NFC,No FM Radio
197,OnePlus Nord CE 3 Lite 5G,Dual Sim, 3G,4G,5G,Wi-Fi,VoLTE,No data,No data,No data
198,Poco X4 Pro 5G (8GB RAM + 128GB),Dual Sim, 3G,4G,5G,Wi-Fi,VoLTE,No data,No data,IR Blaster
199,Samsung Galaxy M04,Dual Sim, 3G,4G,No data,Wi-Fi,VoLTE,No data,No data,No data
200,OPPO A77s,Dual Sim, 3G,4G,No data,Wi-Fi,VoLTE,No data,No data,No data
201,Samsung Galaxy A13,Dual Sim, 3G,4G,No data,Wi-Fi,VoLTE,No data,No data,No data
202,Motorola Edge 30 Ultra,Dual Sim, 3G,4G,5G,Wi-Fi,VoLTE,No data,NFC,No FM Radio
203,Xiaomi 13 Ultra 5G,Dual Sim, 3G,4G,5G,Wi-Fi,VoLTE,No data,NFC,"IR Blaster, No FM Radio"
204,Motorola Moto G52 (6GB RAM + 128GB),Dual Sim, 3G,4G,No data,Wi-Fi,VoLTE,No data,NFC,No data
205,Poco M4 5G,Dual Sim, 3G,4G,5G,Wi-Fi,VoLTE,No data,No data,IR Blaster
206,Nothing Phone 1 (12GB RAM + 256GB),Dual Sim, 3G,4G,5G,Wi-Fi,VoLTE,No data,NFC,No FM Radio
207,Samsung Galaxy A54 5G,Dual Sim, 3G,4G,5G,Wi-Fi,VoLTE,No data,NFC,No data
208,Tecno Pova 4,Dual Sim, 3G,4G,No data,Wi-Fi,VoLTE,No data,No data,No data
209,Xiaomi Redmi Note 12 Pro (8GB RAM + 256GB),Dual Sim, 3G,4G,5G,Wi-Fi,VoLTE,No data,No data,"IR Blaster, No FM Radio"
210,Apple iPhone 14 Pro Max (256GB),Dual Sim, 3G,4G,5G,Wi-Fi,VoLTE,No data,NFC,No data
211,Vivo V25 Pro (12GB RAM + 256GB),Dual Sim, 3G,4G,5G,Wi-Fi,VoLTE,No data,No data,No FM Radio
212,Realme 9 5G (6GB RAM + 128GB),Dual Sim, 3G,4G,5G,Wi-Fi,VoLTE,No data,No data,No data
213,Realme 9 Pro 5G,Dual Sim, 3G,4G,5G,Wi-Fi,VoLTE,No data,No data,No data
214,Lava Blaze 5G,Dual Sim, 3G,4G,5G,Wi-Fi,VoLTE,No data,No data,No data
215,Honor X9a,Dual Sim, 3G,4G,5G,Wi-Fi,VoLTE,No data,NFC,"IR Blaster, No FM Radio"
216,Google Pixel 7 Pro 5G,Dual Sim, 3G,4G,5G,Wi-Fi,VoLTE,No data,NFC,No FM Radio
217,Tecno Pova 3,Dual Sim, 3G,4G,No data,Wi-Fi,VoLTE,No data,No data,No data
218,Vivo V23 Pro 5G,Dual Sim, 3G,4G,5G,Wi-Fi,VoLTE,No data,No data,No data
219,Samsung Galaxy A04e,Dual Sim, 3G,4G,No data,Wi-Fi,VoLTE,No data,No data,No data
220,Xiaomi Redmi K60,Dual Sim, 3G,4G,5G,Wi-Fi,VoLTE,No data,NFC,"IR Blaster, No FM Radio"
221,Realme 9 Pro Plus 5G,Dual Sim, 3G,4G,5G,Wi-Fi,VoLTE,No data,No data,No data
222,Realme 9i 5G (6GB RAM + 128GB),Dual Sim, 3G,4G,5G,Wi-Fi,VoLTE,No data,No data,No data
223,Motorola Edge 30 5G (8GB RAM + 128GB),Dual Sim, 3G,4G,5G,Wi-Fi,VoLTE,No data,NFC,No FM Radio
224,Xiaomi Redmi Note 11 (6GB RAM + 64GB),Dual Sim, 3G,4G,No data,Wi-Fi,VoLTE,No data,No data,IR Blaster
225,Vivo Y02,Dual Sim, 3G,4G,No data,Wi-Fi,VoLTE,No data,No data,No data
226,POCO C31 (4GB RAM + 64GB),Dual Sim, 3G,4G,No data,Wi-Fi,VoLTE,No data,No data,No data
227,Realme Narzo 50 5G,Dual Sim, 3G,4G,5G,Wi-Fi,VoLTE,No data,No data,No data
228,Realme GT Neo 3T,Dual Sim, 3G,4G,5G,Wi-Fi,VoLTE,No data,No data,No FM Radio
229,OPPO Reno 8 Pro 5G,Dual Sim, 3G,4G,5G,Wi-Fi,VoLTE,No data,NFC,No FM Radio
230,OnePlus 10 Pro 5G (12GB RAM + 256GB),Dual Sim, 3G,4G,5G,Wi-Fi,VoLTE,No data,NFC,No FM Radio
231,iQOO 11 Pro 5G,Dual Sim, 3G,4G,5G,Wi-Fi,VoLTE,No data,NFC,"IR Blaster, No FM Radio"
232,Vivo T1x 4G,Dual Sim, 3G,4G,No data,Wi-Fi,VoLTE,No data,No data,No data
233,Xiaomi Redmi 10 Power,Dual Sim, 3G,4G,No data,Wi-Fi,VoLTE,No data,No data,IR Blaster
234,OPPO A58,Dual Sim, 3G,4G,5G,Wi-Fi,VoLTE,No data,No data,No data
235,Vivo T1 44W,Dual Sim, 3G,4G,No data,Wi-Fi,VoLTE,No data,No data,No data
236,Xiaomi Mix Fold 2 5G,Dual Sim, 3G,4G,5G,Wi-Fi,VoLTE,No data,NFC,IR Blaster
237,Vivo Y16 (3GB RAM + 64GB),Dual Sim, 3G,4G,No data,Wi-Fi,VoLTE,No data,No data,No data
238,OPPO Reno 8 Z,Dual Sim, 3G,4G,5G,Wi-Fi,VoLTE,No data,NFC,No data
239,Vivo Y75 4G,Dual Sim, 3G,4G,No data,Wi-Fi,VoLTE,No data,No data,No data
240,Xiaomi Redmi Note 12 Explorer,Dual Sim, 3G,4G,5G,Wi-Fi,VoLTE,No data,NFC,IR Blaster
241,OPPO A57 4G (4GB RAM + 64 GB),Dual Sim, 3G,4G,No data,Wi-Fi,VoLTE,No data,No data,No data
242,Samsung Galaxy A75 5G,Dual Sim, 3G,4G,5G,Wi-Fi,VoLTE,No data,NFC,No data
243,Vivo T1 Pro 5G (8GB RAM + 128GB),Dual Sim, 3G,4G,5G,Wi-Fi,VoLTE,No data,No data,No data
244,Google Pixel 7 5G,Dual Sim, 3G,4G,5G,Wi-Fi,VoLTE,No data,NFC,No FM Radio
245,Xiaomi Redmi Note 11T 5G (6GB RAM + 128GB),Dual Sim, 3G,4G,5G,Wi-Fi,VoLTE,No data,No data,IR Blaster
246,OPPO F21s Pro 4G,Dual Sim, 3G,4G,No data,Wi-Fi,VoLTE,No data,No data,No data
247,Apple iPhone 14 (256GB),Dual Sim, 3G,4G,5G,Wi-Fi,VoLTE,No data,NFC,No data
248,Motorola Moto G73,Dual Sim, 3G,4G,5G,Wi-Fi,VoLTE,No data,NFC,No data
249,Nubia Red Magic 8 Pro 5G,Dual Sim, 3G,4G,5G,Wi-Fi,VoLTE,No data,NFC,No FM Radio
250,Motorola Moto G31,Dual Sim, 3G,4G,No data,Wi-Fi,VoLTE,No data,No data,No data
251,Tecno Phantom X2 Pro,Dual Sim, 3G,4G,5G,Wi-Fi,VoLTE,No data,NFC,Bluetooth
252,Infinix Zero 20,Dual Sim, 3G,4G,No data,Wi-Fi,VoLTE,No data,NFC,No data
253,iQOO Z6 5G (6GB RAM + 128GB),Dual Sim, 3G,4G,5G,Wi-Fi,VoLTE,No data,No data,No data
254,Xiaomi Redmi Note 11 Pro 5G,Dual Sim, 3G,4G,5G,Wi-Fi,VoLTE,No data,No data,IR Blaster
255,OPPO A1 Pro,Dual Sim, 3G,4G,5G,Wi-Fi,VoLTE,No data,NFC,No data
256,Samsung Galaxy S22 FE 5G,Dual Sim, 3G,4G,5G,Wi-Fi,VoLTE,No data,NFC,No data
257,Samsung Galaxy S22 Plus 5G,Dual Sim, 3G,4G,5G,Wi-Fi,VoLTE,No data,NFC,Bluetooth
258,Vivo U3x,Dual Sim, 3G,4G,5G,Wi-Fi,VoLTE,No data,No data,No FM Radio
259,Motorola Moto G23,Dual Sim, 3G,4G,No data,Wi-Fi,VoLTE,No data,NFC,No data
260,Poco M4 5G (6GB RAM + 128GB),Dual Sim, 3G,4G,5G,Wi-Fi,VoLTE,No data,No data,IR Blaster
261,Tecno Pova 5G,Dual Sim, 3G,4G,5G,Wi-Fi,VoLTE,No data,No data,No data
262,POCO C31,Dual Sim, 3G,4G,No data,Wi-Fi,VoLTE,No data,No data,No data
263,Apple iPhone XR2,Dual Sim, 3G,4G,No data,Wi-Fi,VoLTE,No data,NFC,No data
264,Samsung Galaxy A53 (8GB RAM + 256GB),Dual Sim, 3G,4G,5G,Wi-Fi,VoLTE,No data,NFC,No data
265,Infinix Note 12 5G,Dual Sim, 3G,4G,5G,Wi-Fi,VoLTE,No data,No data,No data
266,OPPO Reno7 Pro 5G,Dual Sim, 3G,4G,5G,Wi-Fi,VoLTE,No data,NFC,No data
267,OnePlus Ace 2,Dual Sim, 3G,4G,5G,Wi-Fi,VoLTE,No data,NFC,No FM Radio
268,Redmi Note 11 Pro 2023,Dual Sim, 3G,4G,No data,Wi-Fi,VoLTE,No data,No data,IR Blaster
269,Nothing Phone 2,Dual Sim, 3G,4G,5G,Wi-Fi,VoLTE,No data,NFC,No FM Radio
270,Samsung Galaxy A32 (8GB RAM + 128GB),Dual Sim, 3G,4G,No data,Wi-Fi,VoLTE,No data,No data,No data
271,Nokia 2720 V Flip,Dual Sim, 3G,4G,No data,Wi-Fi,VoLTE,No data,No data,No data
272,Google Pixel 6 Pro,Dual Sim, 3G,4G,5G,Wi-Fi,VoLTE,No data,NFC,No FM Radio
273,Infinix Note 12i (2022),Dual Sim, 3G,4G,No data,Wi-Fi,VoLTE,No data,No data,No data
274,Xiaomi Redmi 11 Prime 5G (6GB RAM + 128GB),Dual Sim, 3G,4G,5G,Wi-Fi,VoLTE,No data,No data,IR Blaster
275,Xiaomi Redmi Note 11 Pro Plus 5G (8GB RAM + 128GB),Dual Sim, 3G,4G,5G,Wi-Fi,VoLTE,No data,No data,IR Blaster
276,Xiaomi 12 Pro 5G,Dual Sim, 3G,4G,5G,Wi-Fi,VoLTE,No data,NFC,"IR Blaster, No FM Radio"
277,Apple iPhone 13 Mini,Dual Sim, 3G,4G,5G,Wi-Fi,VoLTE,No data,NFC,No data
278,Tecno Pova 3 (6GB RAM + 128GB),Dual Sim, 3G,4G,No data,Wi-Fi,VoLTE,No data,No data,No data
279,Realme C31 (4GB RAM + 64GB),Dual Sim, 3G,4G,No data,Wi-Fi,VoLTE,No data,No data,No data
280,Asus ROG Phone 6 Pro 5G,Dual Sim, 3G,4G,5G,Wi-Fi,VoLTE,No data,NFC,No data
281,Vivo V23e 5G,Dual Sim, 3G,4G,5G,Wi-Fi,VoLTE,No data,No data,No data
282,Apple iPhone 14 Mini,Dual Sim, 3G,4G,No data,Wi-Fi,VoLTE,No data,NFC,No data
283,Xiaomi Redmi Note 10T 5G,Dual Sim, 3G,4G,5G,Wi-Fi,VoLTE,No data,No data,IR Blaster
284,iQOO Neo 7 SE 5G,Dual Sim, 3G,4G,5G,Wi-Fi,VoLTE,No data,NFC,No data
285,Samsung Galaxy A23 (8GB RAM + 128GB),Dual Sim, 3G,4G,No data,Wi-Fi,VoLTE,No data,No data,No data
286,Xiaomi Redmi Note 12 Pro (8GB RAM + 128GB),Dual Sim, 3G,4G,5G,Wi-Fi,VoLTE,No data,No data,"IR Blaster, No FM Radio"
287,Xiaomi Redmi Note 12 Turbo,Dual Sim, 3G,4G,5G,Wi-Fi,VoLTE,No data,NFC,IR Blaster
288,Infinix Note 12 Pro,Dual Sim, 3G,4G,No data,Wi-Fi,VoLTE,No data,No data,No data
289,Infinix Hot 20 (6GB RAM+ 128GB),Dual Sim, 3G,4G,5G,Wi-Fi,VoLTE,No data,No data,No data
290,Apple iPhone 14 Pro Max (1TB),Dual Sim, 3G,4G,5G,Wi-Fi,VoLTE,No data,NFC,No data
291,Samsung Galaxy M13,Dual Sim, 3G,4G,No data,Wi-Fi,VoLTE,No data,No data,No data
292,Poco M4 Pro 5G (8GB RAM + 128GB),Dual Sim, 3G,4G,5G,Wi-Fi,VoLTE,No data,No data,IR Blaster
293,Xiaomi Redmi Note 10S (8GB RAM + 128GB),Dual Sim, 3G,4G,No data,Wi-Fi,VoLTE,No data,No data,IR Blaster
294,Realme C11 2021 (4GB RAM + 64GB),Dual Sim, 3G,4G,No data,Wi-Fi,VoLTE,No data,No data,No data
295,Samsung Galaxy A23 5G (8GB RAM + 128GB),Dual Sim, 3G,4G,5G,Wi-Fi,VoLTE,No data,No data,No data
296,Motorola Edge 30 Ultra (12GB RAM + 256GB),Dual Sim, 3G,4G,5G,Wi-Fi,VoLTE,No data,NFC,No FM Radio
297,OPPO F21s Pro,Dual Sim, 3G,4G,5G,Wi-Fi,VoLTE,No data,No data,No data
298,Xiaomi 13 5G,Dual Sim, 3G,4G,5G,Wi-Fi,VoLTE,No data,NFC,"IR Blaster, No FM Radio"
299,Xiaomi Redmi 10A,Dual Sim, 3G,4G,No data,Wi-Fi,VoLTE,No data,No data,No data
300,Vivo Y01A,Dual Sim, 3G,4G,No data,Wi-Fi,VoLTE,No data,No data,No data
301,Xiaomi Redmi K50i (8GB RAM + 256GB),Dual Sim, 3G,4G,5G,Wi-Fi,VoLTE,No data,No data,"IR Blaster, Bluetooth"
302,Realme C30 (3GB RAM + 32GB),Dual Sim, 3G,4G,No data,Wi-Fi,VoLTE,No data,No data,No data
303,Motorola Moto G51 5G,Dual Sim, 3G,4G,5G,Wi-Fi,VoLTE,No data,NFC,No data
304,Xiaomi Redmi 10 (6GB RAM + 128GB),Dual Sim, 3G,4G,No data,Wi-Fi,VoLTE,No data,No data,No data
305,Xiaomi Mi 11 Lite NE 5G,Dual Sim, 3G,4G,5G,Wi-Fi,VoLTE,No data,NFC,IR Blaster
306,Samsung Galaxy Z Flip 3,Single Sim, 3G,4G,5G,Wi-Fi,VoLTE,No data,NFC,No data
307,Apple iPhone 12 (128GB),Dual Sim, 3G,4G,5G,Wi-Fi,VoLTE,No data,NFC,No FM Radio
308,OnePlus 10T (16GB RAM + 256GB),Dual Sim, 3G,4G,5G,Wi-Fi,VoLTE,No data,NFC,No FM Radio
309,Samsung Galaxy A13 (4GB RAM + 128GB),Dual Sim, 3G,4G,No data,Wi-Fi,VoLTE,No data,No data,No data
310,OPPO Reno7 5G,Dual Sim, 3G,4G,5G,Wi-Fi,VoLTE,No data,NFC,No data
311,OnePlus 9RT 5G,Dual Sim, 3G,4G,5G,Wi-Fi,VoLTE,No data,NFC,No FM Radio
312,Samsung Galaxy A53 5G (8GB RAM + 128GB),Dual Sim, 3G,4G,5G,Wi-Fi,VoLTE,No data,NFC,No data
313,Samsung Galaxy S22 Ultra 5G (12GB RAM + 512GB),Dual Sim, 3G,4G,5G,Wi-Fi,VoLTE,No data,NFC,Bluetooth
314,Motorola Moto G71 5G,Dual Sim, 3G,4G,5G,Wi-Fi,VoLTE,No data,NFC,No data
315,itel S16 Pro,Dual Sim, 3G,4G,No data,Wi-Fi,VoLTE,No data,No data,No data
316,Vivo Y100,Dual Sim, 3G,4G,5G,Wi-Fi,VoLTE,No data,No data,No data
317,Samsung Galaxy M13 5G (4GB RAM + 64GB),Dual Sim, 3G,4G,5G,Wi-Fi,VoLTE,No data,No data,No data
318,POCO X5 GT,Dual Sim, 3G,4G,5G,Wi-Fi,VoLTE,No data,NFC,IR Blaster
319,Honor X9 5G,Dual Sim, 3G,4G,5G,Wi-Fi,VoLTE,No data,NFC,Bluetooth
320,iQOO 11 (16GB RAM + 256GB),Dual Sim, 3G,4G,5G,Wi-Fi,VoLTE,No data,NFC,No FM Radio
321,Samsung Galaxy Z Fold 4,Dual Sim, 3G,4G,5G,Wi-Fi,VoLTE,No data,NFC,No data
322,Royole FlexPai 2,Dual Sim, 3G,4G,5G,Wi-Fi,VoLTE,No data,No data,No data
323,Apple iPhone 14 Plus (256GB),Dual Sim, 3G,4G,5G,Wi-Fi,VoLTE,No data,NFC,No data
324,Samsung Galaxy A33 5G (8GB RAM + 128GB),Dual Sim, 3G,4G,5G,Wi-Fi,VoLTE,No data,NFC,No data
325,Tecno Spark 9,Dual Sim, 3G,4G,No data,Wi-Fi,VoLTE,No data,No data,No data
326,Google Pixel 6,Dual Sim, 3G,4G,5G,Wi-Fi,VoLTE,No data,NFC,No FM Radio
327,Xiaomi Redmi Note 10 Pro (6GB RAM + 128GB),Dual Sim, 3G,4G,No data,Wi-Fi,VoLTE,No data,No data,IR Blaster
328,Samsung Galaxy S21 Ultra,Dual Sim, 3G,4G,5G,Wi-Fi,VoLTE,No data,NFC,No FM Radio
329,Infinix Hot 20 Play,Dual Sim, 3G,4G,No data,Wi-Fi,VoLTE,No data,No data,No data
330,Vivo T1x (6GB RAM + 128GB),Dual Sim, 3G,4G,No data,Wi-Fi,VoLTE,No data,No data,No data
331,OPPO F23 Pro,Dual Sim, 3G,4G,5G,Wi-Fi,VoLTE,No data,No data,No data
332,iQOO Z6 Pro 5G (8GB RAM + 128GB),Dual Sim, 3G,4G,5G,Wi-Fi,VoLTE,No data,No data,No data
333,Samsung Galaxy A73 5G (8GB RAM + 256GB),Dual Sim, 3G,4G,5G,Wi-Fi,VoLTE,No data,NFC,No data
334,Realme 9 5G SE (8GB RAM + 128GB),Dual Sim, 3G,4G,5G,Wi-Fi,VoLTE,No data,No data,No data
335,Poco F4 5G,Dual Sim, 3G,4G,5G,Wi-Fi,VoLTE,No data,NFC,No FM Radio
336,Infinix Note 12,Dual Sim, 3G,4G,No data,Wi-Fi,VoLTE,No data,No data,No data
337,Samsung Galaxy A03 Core,Dual Sim, 3G,4G,No data,Wi-Fi,VoLTE,No data,No data,No data
338,Motorola Moto G60,Dual Sim, 3G,4G,No data,Wi-Fi,VoLTE,No data,NFC,No data
339,OnePlus 9 Pro,Dual Sim, 3G,4G,5G,Wi-Fi,VoLTE,No data,NFC,No data
340,Xiaomi Redmi Note 11S,Dual Sim, 3G,4G,No data,Wi-Fi,VoLTE,No data,No data,IR Blaster
341,Xiaomi Redmi 9 Activ,Dual Sim, 3G,4G,No data,Wi-Fi,VoLTE,No data,No data,No data
342,Tecno Camon 19 Pro 5G,Dual Sim, 3G,4G,5G,Wi-Fi,VoLTE,No data,NFC,Bluetooth
343,Samsung Galaxy A04,Dual Sim, 3G,4G,No data,Wi-Fi,VoLTE,No data,No data,No data
344,POCO M4 Pro 4G (6GB RAM + 128GB),Dual Sim, 3G,4G,No data,Wi-Fi,VoLTE,No data,No data,IR Blaster
345,OnePlus Nord N20 5G,Dual Sim, 3G,4G,5G,Wi-Fi,VoLTE,No data,NFC,No data
346,Apple iPhone 13 (256GB),Dual Sim, 3G,4G,5G,Wi-Fi,VoLTE,No data,NFC,No data
347,Oppo Find X6 Pro,Dual Sim, 3G,4G,5G,Wi-Fi,VoLTE,No data,NFC,No FM Radio
348,Vivo X90 Pro 5G,Dual Sim, 3G,4G,5G,Wi-Fi,VoLTE,No data,NFC,IR Blaster
349,Motorola Moto G53,Dual Sim, 3G,4G,5G,Wi-Fi,VoLTE,No data,NFC,No data
350,Motorola Moto G22,Dual Sim, 3G,4G,No data,Wi-Fi,VoLTE,No data,No data,No data
351,Xiaomi Redmi 9i Sport,Dual Sim, 3G,4G,No data,Wi-Fi,VoLTE,No data,No data,No data
352,Jio JioPhone Next,Dual Sim, 3G,4G,No data,Wi-Fi,VoLTE,No data,No data,No data
353,Vivo Y93,Dual Sim, 3G,4G,No data,Wi-Fi,VoLTE,No data,No data,No data
354,Xiaomi Redmi K60 Pro,Dual Sim, 3G,4G,5G,Wi-Fi,VoLTE,No data,NFC,"IR Blaster, No FM Radio"
355,Realme C30s,Dual Sim, 3G,4G,No data,Wi-Fi,VoLTE,No data,No data,No data
356,Vivo Y22s,Dual Sim, 3G,4G,No data,Wi-Fi,VoLTE,No data,No data,No data
357,OPPO A77,Dual Sim, 3G,4G,No data,Wi-Fi,VoLTE,No data,No data,No data
358,Xiaomi Redmi 10A Sport,Dual Sim, 3G,4G,No data,Wi-Fi,VoLTE,No data,No data,IR Blaster
359,Poco F4 (12GB RAM + 256GB),Dual Sim, 3G,4G,5G,Wi-Fi,VoLTE,No data,NFC,No FM Radio
360,Realme 9 4G (8GB RAM + 128GB),Dual Sim, 3G,4G,No data,Wi-Fi,VoLTE,No data,No data,No data
361,Xiaomi 12T Pro 5G,Dual Sim, 3G,4G,5G,Wi-Fi,VoLTE,No data,NFC,"IR Blaster, No FM Radio"
362,iQOO 9 5G,Dual Sim, 3G,4G,5G,Wi-Fi,VoLTE,No data,No data,No FM Radio
363,Apple iPhone 12 Mini (128GB),Dual Sim, 3G,4G,5G,Wi-Fi,VoLTE,No data,NFC,No FM Radio
364,Samsung Galaxy S24 Ultra,Dual Sim, 3G,4G,5G,Wi-Fi,VoLTE,Vo5G,No data,No data
365,OPPO Find N Flip,Single Sim, 3G,4G,5G,Wi-Fi,VoLTE,No data,NFC,No data
366,OnePlus 10T (12GB RAM + 256GB),Dual Sim, 3G,4G,5G,Wi-Fi,VoLTE,No data,NFC,No FM Radio
367,Tecno Spark 9 (4GB RAM + 64GB),Dual Sim, 3G,4G,No data,Wi-Fi,VoLTE,No data,No data,No data
368,Samsung Galaxy S21 FE 5G (8GB RAM + 256GB),Dual Sim, 3G,4G,5G,Wi-Fi,VoLTE,No data,NFC,No data
369,Xiaomi Redmi Note 11T 5G (8GB RAM + 128GB),Dual Sim, 3G,4G,5G,Wi-Fi,VoLTE,No data,No data,IR Blaster
370,Sony Xperia Pro-I,Dual Sim, 3G,4G,5G,Wi-Fi,VoLTE,No data,NFC,No data
371,Vivo V21 Pro,Dual Sim, 3G,4G,5G,Wi-Fi,VoLTE,No data,No data,No FM Radio
372,Poco X3,Dual Sim, 3G,4G,No data,Wi-Fi,VoLTE,No data,No data,IR Blaster
373,Samsung Galaxy S20 FE,Dual Sim, 3G,4G,No data,Wi-Fi,VoLTE,No data,NFC,No data
374,Google Pixel 4,Dual Sim, 3G,4G,No data,Wi-Fi,VoLTE,No data,NFC,No data
375,Samsung Galaxy S10 Plus,Dual Sim, 3G,4G,No data,Wi-Fi,VoLTE,No data,NFC,No data
376,Nokia 2660 Flip,Dual Sim, 3G,4G,No data,Wi-Fi,No data,No data,No data,No data
377,Realme 11 Pro Plus,Dual Sim, 3G,4G,5G,Wi-Fi,VoLTE,No data,No data,No data
378,OPPO F21 Pro 4G,Dual Sim, 3G,4G,No data,Wi-Fi,VoLTE,No data,No data,No data
379,Realme GT 2 5G,Dual Sim, 3G,4G,5G,Wi-Fi,VoLTE,No data,NFC,No FM Radio
380,Samsung Galaxy S21,Dual Sim, 3G,4G,5G,Wi-Fi,VoLTE,No data,NFC,No FM Radio
381,Samsung Galaxy A71,Dual Sim, 3G,4G,No data,Wi-Fi,VoLTE,No data,No data,No data
382,Vivo Y02s,Dual Sim, 3G,4G,No data,Wi-Fi,VoLTE,No data,No data,No data
383,Letv Y2 Pro,Dual Sim, 3G,4G,No data,Wi-Fi,VoLTE,No data,No data,No FM Radio
384,Tecno Spark 8C (4GB RAM + 64GB),Dual Sim, 3G,4G,No data,Wi-Fi,VoLTE,No data,No data,No data
385,iQOO Z6 5G (8GB RAM + 128GB),Dual Sim, 3G,4G,5G,Wi-Fi,VoLTE,No data,No data,No data
386,Vivo T1 Pro,Dual Sim, 3G,4G,5G,Wi-Fi,VoLTE,No data,No data,No data
387,Realme 9 Pro Plus 5G (8GB RAM + 128GB),Dual Sim, 3G,4G,5G,Wi-Fi,VoLTE,No data,No data,No data
388,Samsung Galaxy A04s,Dual Sim, 3G,4G,No data,Wi-Fi,VoLTE,No data,No data,No data
389,Realme 9i (6GB RAM + 128GB),Dual Sim, 3G,4G,No data,Wi-Fi,VoLTE,No data,No data,No data
390,Realme 8 5G (8GB RAM + 128GB),Dual Sim, 3G,4G,5G,Wi-Fi,VoLTE,No data,No data,No data
391,OPPO F19,Dual Sim, 3G,4G,No data,Wi-Fi,VoLTE,No data,No data,No data
392,OPPO Find N2 Flip,Single Sim, 3G,4G,5G,Wi-Fi,VoLTE,No data,NFC,No data
393,Samsung Galaxy M32 Prime Edition,Dual Sim, 3G,4G,No data,Wi-Fi,VoLTE,No data,No data,No data
394,Oukitel WP19,Dual Sim, 3G,4G,No data,Wi-Fi,VoLTE,No data,NFC,No data
395,Realme 9 Pro 5G (8GB RAM + 128GB),Dual Sim, 3G,4G,5G,Wi-Fi,VoLTE,No data,No data,No data
396,Xiaomi Redmi Note 10 Lite (6GB RAM + 128GB),Dual Sim, 3G,4G,No data,Wi-Fi,VoLTE,No data,No data,IR Blaster
397,Samsung Galaxy A13 5G,Dual Sim, 3G,4G,5G,Wi-Fi,VoLTE,No data,NFC,No data
398,Xiaomi Redmi Note 11 5G,Dual Sim, 3G,4G,5G,Wi-Fi,VoLTE,No data,No data,IR Blaster
399,itel P36,Dual Sim, 3G,4G,No data,Wi-Fi,VoLTE,No data,No data,Bluetooth
400,Jio JioPhone 2,Dual Sim, 3G,4G,No data,Wi-Fi,VoLTE,No data,No data,No data
401,Realme GT Neo 5,Dual Sim, 3G,4G,5G,Wi-Fi,VoLTE,No data,NFC,No FM Radio
402,Apple iPhone 15 Ultra,Dual Sim, 3G,4G,5G,Wi-Fi,VoLTE,No data,NFC,No data
403,Poco C50,Dual Sim, 3G,4G,No data,Wi-Fi,VoLTE,No data,No data,No data
404,Samsung Galaxy Note 30 Ultra 5G,Dual Sim, 3G,4G,5G,Wi-Fi,VoLTE,No data,NFC,No data
405,Realme 9i (4GB RAM + 128GB),Dual Sim, 3G,4G,No data,Wi-Fi,VoLTE,No data,No data,No data
406,Xiaomi Redmi Note 11T 5G,Dual Sim, 3G,4G,5G,Wi-Fi,VoLTE,No data,No data,IR Blaster
407,Vivo X80 Pro 5G,Dual Sim, 3G,4G,5G,Wi-Fi,VoLTE,No data,NFC,No data
408,OPPO Reno 6 Pro 5G,Dual Sim, 3G,4G,5G,Wi-Fi,VoLTE,No data,NFC,No data
409,Xiaomi Mi 11i 5G,Dual Sim, 3G,4G,5G,Wi-Fi,VoLTE,No data,No data,IR Blaster
410,Asus ROG Phone 7,Dual Sim, 3G,4G,5G,Wi-Fi,VoLTE,No data,NFC,No data
411,Oppo A77 5G,Dual Sim, 3G,4G,5G,Wi-Fi,VoLTE,No data,No data,No data
412,Realme 9 5G SE,Dual Sim, 3G,4G,5G,Wi-Fi,VoLTE,No data,No data,No data
413,Samsung Galaxy A03,Dual Sim, 3G,4G,No data,Wi-Fi,VoLTE,No data,No data,No data
414,OnePlus Nord N200,Dual Sim, 3G,4G,5G,Wi-Fi,VoLTE,No data,NFC,No data
415,Xiaomi Mi 11X,Dual Sim, 3G,4G,5G,Wi-Fi,VoLTE,No data,No data,"IR Blaster, No FM Radio"
416,OPPO Reno 6,Dual Sim, 3G,4G,5G,Wi-Fi,VoLTE,No data,NFC,No data
417,Realme X50 Pro 5G (12GB RAM + 256GB),Dual Sim, 3G,4G,5G,Wi-Fi,VoLTE,No data,NFC,No data
418,Xiaomi Redmi 10A (6GB RAM + 128GB),Dual Sim, 3G,4G,No data,Wi-Fi,VoLTE,No data,No data,No data
419,Redmi Note 12 Pro Speed Edition,Dual Sim, 3G,4G,5G,Wi-Fi,VoLTE,No data,NFC,IR Blaster
420,Apple iPhone 14 Pro (256GB),Dual Sim, 3G,4G,5G,Wi-Fi,VoLTE,No data,NFC,No data
421,Motorola Moto G72,Dual Sim, 3G,4G,5G,Wi-Fi,VoLTE,No data,NFC,No data
422,Motorola Moto X30 Pro,Dual Sim, 3G,4G,5G,Wi-Fi,VoLTE,No data,NFC,No FM Radio
423,Xiaomi 12S Ultra,Dual Sim, 3G,4G,5G,Wi-Fi,VoLTE,No data,NFC,"IR Blaster, No FM Radio"
424,Honor 70 5G,Dual Sim, 3G,4G,5G,Wi-Fi,VoLTE,No data,NFC,No FM Radio
425,OnePlus 10 Pro 5G (12GB RAM + 512GB),Dual Sim, 3G,4G,5G,Wi-Fi,VoLTE,No data,NFC,No FM Radio
426,Vivo V23 Pro 5G (12GB RAM + 256GB),Dual Sim, 3G,4G,5G,Wi-Fi,VoLTE,No data,No data,No data
427,OPPO A55 4G (6GB RAM + 128GB),Dual Sim, 3G,4G,No data,Wi-Fi,VoLTE,No data,No data,No data
428,Xiaomi Mi 11T Pro 5G,Dual Sim, 3G,4G,5G,Wi-Fi,VoLTE,No data,NFC,"IR Blaster, No FM Radio"
429,Nokia X50 5G,Single Sim, 3G,4G,5G,Wi-Fi,VoLTE,No data,No data,No data
430,Xiaomi Redmi Note 10,Dual Sim, 3G,4G,No data,Wi-Fi,VoLTE,No data,No data,IR Blaster
431,Vertu Signature Touch,Single Sim, 3G,4G,No data,Wi-Fi,No data,No data,NFC,No data
432,Samsung Galaxy M32 Prime Edition (6GB RAM + 128GB),Dual Sim, 3G,4G,No data,Wi-Fi,VoLTE,No data,No data,No data
433,Tecno Camon 19 Pro Mondrian Edition,Dual Sim, 3G,4G,No data,Wi-Fi,VoLTE,No data,NFC,No data
434,Poco F5,Dual Sim, 3G,4G,5G,Wi-Fi,VoLTE,No data,NFC,No FM Radio
435,BLU F91 5G,Dual Sim, 3G,4G,5G,Wi-Fi,VoLTE,No data,NFC,No data
436,OPPO A16e,Dual Sim, 3G,4G,No data,Wi-Fi,VoLTE,No data,No data,No data
437,Motorola Moto E32,Dual Sim, 3G,4G,No data,Wi-Fi,VoLTE,No data,No data,No data
438,Xiaomi Redmi Note 11S (8GB RAM + 128GB),Dual Sim, 3G,4G,No data,Wi-Fi,VoLTE,No data,No data,IR Blaster
439,Apple iPhone SE 3 2022,Dual Sim, 3G,4G,5G,Wi-Fi,VoLTE,No data,NFC,No FM Radio
440,Samsung Galaxy A52 (8GB RAM + 128GB),Dual Sim, 3G,4G,No data,Wi-Fi,VoLTE,No data,No data,No data
441,Poco X3 Pro,Dual Sim, 3G,4G,No data,Wi-Fi,VoLTE,No data,No data,IR Blaster
442,Xiaomi Redmi 9A,Dual Sim, 3G,4G,No data,Wi-Fi,VoLTE,No data,No data,No data
443,Samsung Galaxy A32,Dual Sim, 3G,4G,No data,Wi-Fi,VoLTE,No data,No data,No data
444,Motorola Moto G13,Dual Sim, 3G,4G,No data,Wi-Fi,VoLTE,No data,NFC,No data
445,Asus ROG Phone 6 Batman Edition,Dual Sim, 3G,4G,5G,Wi-Fi,VoLTE,No data,NFC,No data
446,Xiaomi Redmi Note 12 Pro Plus (6GB RAM + 128GB),Dual Sim, 3G,4G,5G,Wi-Fi,VoLTE,No data,No data,IR Blaster
447,Infinix Smart 6 HD,Dual Sim, 3G,4G,No data,Wi-Fi,VoLTE,No data,No data,No data
448,Apple iPhone 15 Pro,Dual Sim, 3G,4G,5G,Wi-Fi,VoLTE,No data,NFC,No FM Radio
449,Realme C35 (4GB RAM + 128GB),Dual Sim, 3G,4G,No data,Wi-Fi,VoLTE,No data,No data,No data
450,Infinix Hot 12,Dual Sim, 3G,4G,No data,Wi-Fi,VoLTE,No data,No data,No data
451,Vivo X80 5G,Dual Sim, 3G,4G,5G,Wi-Fi,VoLTE,No data,No data,No data
452,Vivo Y53s,Dual Sim, 3G,4G,No data,Wi-Fi,VoLTE,No data,No data,No data
453,Tecno Phantom X,Dual Sim, 3G,4G,No data,Wi-Fi,VoLTE,No data,No data,Bluetooth
454,Samsung Galaxy M04 (4GB RAM + 128GB),Dual Sim, 3G,4G,No data,Wi-Fi,VoLTE,No data,No data,No data
455,Redmi 12C,Dual Sim, 3G,4G,No data,Wi-Fi,VoLTE,No data,No data,No data
456,Asus ZenFone 9,Dual Sim, 3G,4G,5G,Wi-Fi,VoLTE,No data,NFC,No FM Radio
457,Sony Xperia L5 5G,Single Sim, 3G,4G,No data,Wi-Fi,VoLTE,No data,NFC,No data
458,iQOO 9 SE 5G (12GB RAM + 256GB),Dual Sim, 3G,4G,5G,Wi-Fi,VoLTE,No data,NFC,No FM Radio
459,Tecno Spark 8 Pro,Dual Sim, 3G,4G,No data,Wi-Fi,VoLTE,No data,No data,No data
460,Xiaomi Redmi 10 Prime,Dual Sim, 3G,4G,No data,Wi-Fi,VoLTE,No data,No data,IR Blaster
461,Samsung Galaxy F22,Dual Sim, 3G,4G,No data,Wi-Fi,VoLTE,No data,No data,No data
462,Xiaomi Mi Mix Alpha,Dual Sim, 3G,4G,5G,Wi-Fi,VoLTE,No data,No data,No data
463,OPPO Reno 10 Pro,Dual Sim, 3G,4G,5G,Wi-Fi,VoLTE,No data,NFC,No FM Radio
464,Nubia Z50,Dual Sim, 3G,4G,5G,Wi-Fi,VoLTE,No data,NFC,No FM Radio
465,Samsung Galaxy F13 (4GB RAM + 128GB),Dual Sim, 3G,4G,No data,Wi-Fi,VoLTE,No data,NFC,No data
466,Nokia G11 Plus,Dual Sim, 3G,4G,No data,Wi-Fi,VoLTE,No data,No data,No data
467,Infinix Hot 12 Play,Dual Sim, 3G,4G,No data,Wi-Fi,VoLTE,No data,No data,No data
468,Vivo T2 5G,Dual Sim, 3G,4G,5G,Wi-Fi,VoLTE,No data,No data,No data
469,OPPO Reno7 Z 5G,Dual Sim, 3G,4G,5G,Wi-Fi,VoLTE,No data,NFC,No data
470,Xiaomi Mi 11 Lite NE 5G (8GB RAM + 128GB),Dual Sim, 3G,4G,5G,Wi-Fi,VoLTE,No data,NFC,IR Blaster
471,Realme Narzo 50i,Dual Sim, 3G,4G,No data,Wi-Fi,VoLTE,No data,No data,No data
472,Infinix Zero X Pro,Dual Sim, 3G,4G,5G,Wi-Fi,VoLTE,No data,No data,No data
473,Nokia 110 4G,Dual Sim, 3G,4G,No data,No data,VoLTE,No data,No data,No data
474,Samsung Galaxy M32,Dual Sim, 3G,4G,No data,Wi-Fi,VoLTE,No data,No data,No data
475,Samsung Galaxy A82 5G,Dual Sim, 3G,4G,5G,Wi-Fi,VoLTE,No data,NFC,No data
476,Xiaomi Poco F1,Dual Sim, 3G,4G,No data,Wi-Fi,VoLTE,No data,No data,No data
477,Vivo Y25,Dual Sim, 3G,4G,No data,Wi-Fi,No data,No data,No data,No data
478,Lyf Earth 1,Dual Sim, 3G,4G,No data,Wi-Fi,VoLTE,No data,No data,No data
479,Motorola Moto E13,Dual Sim, 3G,4G,No data,Wi-Fi,VoLTE,No data,No data,No data
480,Tecno Pop 6 Pro,Dual Sim, 3G,4G,No data,Wi-Fi,VoLTE,No data,No data,No data
481,Itel A24 Pro,Dual Sim, 3G,4G,No data,Wi-Fi,No data,No data,No data,No data
482,Vivo X Fold Plus,Dual Sim, 3G,4G,5G,Wi-Fi,VoLTE,No data,NFC,No data
483,Huawei Mate 50 RS Porsche Design,Dual Sim, 3G,4G,No data,Wi-Fi,VoLTE,No data,NFC,IR Blaster
484,Samsung Galaxy F63,Dual Sim, 3G,4G,5G,Wi-Fi,VoLTE,No data,NFC,No data
485,iQOO Z6 4G (6GB RAM + 128GB),Dual Sim, 3G,4G,No data,Wi-Fi,VoLTE,No data,No data,No data
486,Nokia 8000 4G,Dual Sim, 3G,4G,No data,Wi-Fi,No data,No data,No data,No data
487,Sony Xperia 5 II,Dual Sim, 3G,4G,5G,Wi-Fi,VoLTE,No data,NFC,No data
488,Vivo Y3 (4GB RAM + 128GB),Dual Sim, 3G,4G,No data,Wi-Fi,VoLTE,No data,No data,No data
489,Sony Xperia 1 IV (12GB RAM + 512GB),Dual Sim, 3G,4G,5G,Wi-Fi,VoLTE,No data,NFC,No data
490,Tecno Pova 4 Pro,Dual Sim, 3G,4G,No data,Wi-Fi,VoLTE,No data,No data,No data
491,Huawei Nova 10 SE,Dual Sim, 3G,4G,No data,Wi-Fi,VoLTE,No data,NFC,No data
492,Vivo T1x (4GB RAM + 128GB),Dual Sim, 3G,4G,No data,Wi-Fi,VoLTE,No data,No data,No data
493,Nubia Red Magic 7S Pro,Dual Sim, 3G,4G,5G,Wi-Fi,VoLTE,No data,NFC,No FM Radio
494,Motorola Moto E32s (4GB RAM + 64GB),Dual Sim, 3G,4G,No data,Wi-Fi,VoLTE,No data,No data,No data
495,iQOO Neo 6 5G (12GB RAM + 256GB),Dual Sim, 3G,4G,5G,Wi-Fi,VoLTE,No data,No data,"IR Blaster, No FM Radio"
496,Samsung Galaxy A15,Dual Sim, 3G,4G,No data,Wi-Fi,VoLTE,No data,No data,No data
497,POCO X4 GT 5G,Dual Sim, 3G,4G,5G,Wi-Fi,VoLTE,No data,NFC,IR Blaster
498,Realme Narzo 50 5G (4GB RAM + 128GB),Dual Sim, 3G,4G,5G,Wi-Fi,VoLTE,No data,No data,No data
499,Vivo Y77 5G,Dual Sim, 3G,4G,5G,Wi-Fi,VoLTE,No data,No data,No data
500,Honor 60 SE 5G,Dual Sim, 3G,4G,5G,Wi-Fi,VoLTE,No data,No data,No FM Radio
501,Xiaomi Redmi 11 Prime,Dual Sim, 3G,4G,No data,Wi-Fi,VoLTE,No data,No data,IR Blaster
502,Realme C31,Dual Sim, 3G,4G,No data,Wi-Fi,VoLTE,No data,No data,No data
503,Motorola Moto G31 (6GB RAM+ 128GB),Dual Sim, 3G,4G,No data,Wi-Fi,VoLTE,No data,No data,No data
504,Samsung Galaxy Z Flip 4 5G,Dual Sim, 3G,4G,5G,Wi-Fi,VoLTE,No data,NFC,No data
505,OnePlus 6 (8GB RAM + 128GB),Dual Sim, 3G,4G,No data,Wi-Fi,VoLTE,No data,NFC,No data
506,Google Pixel 2 XL,Single Sim, 3G,4G,No data,Wi-Fi,VoLTE,No data,NFC,No data
507,Xiaomi Redmi A1 Plus,Dual Sim, 3G,4G,No data,Wi-Fi,VoLTE,No data,No data,No data
508,Honor 70 5G (8GB RAM + 256GB),Dual Sim, 3G,4G,5G,Wi-Fi,VoLTE,No data,NFC,No FM Radio
509,Realme Narzo 50 (6GB RAM + 128GB),Dual Sim, 3G,4G,No data,Wi-Fi,VoLTE,No data,No data,No data
510,Vivo Y15s,Dual Sim, 3G,4G,No data,Wi-Fi,VoLTE,No data,No data,No data
511,Samsung Galaxy M32 (6GB RAM + 128GB),Dual Sim, 3G,4G,No data,Wi-Fi,VoLTE,No data,No data,No data
512,Samsung Galaxy F42 5G,Dual Sim, 3G,4G,5G,Wi-Fi,VoLTE,No data,No data,No data
513,Realme Q5 5G,Dual Sim, 3G,4G,5G,Wi-Fi,VoLTE,No data,No data,No data
514,POCO M3 Pro 5G,Dual Sim, 3G,4G,5G,Wi-Fi,VoLTE,No data,No data,IR Blaster
515,Google Pixel 5,Dual Sim, 3G,4G,5G,Wi-Fi,VoLTE,No data,NFC,Bluetooth
516,OnePlus 12 Pro,Dual Sim, 3G,4G,5G,Wi-Fi,VoLTE,Vo5G,NFC,No FM Radio
517,Xiaomi Redmi Note 12 Discovery Edition,Dual Sim, 3G,4G,5G,Wi-Fi,VoLTE,No data,NFC,IR Blaster
518,Samsung Galaxy M13 (4GB RAM + 64GB),Dual Sim, 3G,4G,No data,Wi-Fi,VoLTE,No data,No data,No data
519,Oppo Reno 8 Pro (8GB RAM + 256GB),Dual Sim, 3G,4G,5G,Wi-Fi,VoLTE,No data,NFC,No FM Radio
520,Vivo Y78 5G,Dual Sim, 3G,4G,5G,Wi-Fi,VoLTE,No data,No data,No data
521,iQOO Z6 4G,Dual Sim, 3G,4G,No data,Wi-Fi,VoLTE,No data,No data,No data
522,OPPO A76,Dual Sim, 3G,4G,No data,Wi-Fi,VoLTE,No data,No data,No data
523,Realme 9 Pro Plus 5G (8GB RAM + 256GB),Dual Sim, 3G,4G,5G,Wi-Fi,VoLTE,No data,No data,No data
524,Vivo Y01,Dual Sim, 3G,4G,No data,Wi-Fi,VoLTE,No data,No data,No data
525,Motorola Moto Edge S30 5G,Dual Sim, 3G,4G,5G,Wi-Fi,VoLTE,No data,No data,No FM Radio
526,Realme GT 2 Pro 5G,Dual Sim, 3G,4G,5G,Wi-Fi,VoLTE,No data,NFC,Bluetooth
527,Apple iPhone 13 Pro (256GB),Dual Sim, 3G,4G,5G,Wi-Fi,VoLTE,No data,NFC,No data
528,Vivo Y73 2021,Dual Sim, 3G,4G,No data,Wi-Fi,VoLTE,No data,No data,No data
529,Samsung Galaxy F14,Dual Sim, 3G,4G,No data,Wi-Fi,VoLTE,No data,NFC,No data
530,Vivo V20,Dual Sim, 3G,4G,No data,Wi-Fi,VoLTE,No data,No data,No data
531,Xiaomi Redmi Note 9 Pro,Dual Sim, 3G,4G,No data,Wi-Fi,VoLTE,No data,No data,IR Blaster
532,Samsung Guru Music 2 Dual Sim,Dual Sim,No data,No data,No data,Wi-Fi,No data,No data,No data,No data
533,Itel MagicX Pro,Dual Sim, 3G,4G,No data,Wi-Fi,VoLTE,No data,No data,No data
534,OnePlus 10R Prime Edition,Dual Sim, 3G,4G,5G,Wi-Fi,VoLTE,No data,NFC,Bluetooth
535,Google Pixel 6 Pro (12GB RAM + 256GB),Dual Sim, 3G,4G,5G,Wi-Fi,VoLTE,No data,NFC,No FM Radio
536,Nokia C31,Dual Sim, 3G,4G,No data,Wi-Fi,VoLTE,No data,No data,No data
537,Infinix Hot 12 Pro (8GB RAM+ 128GB),Dual Sim, 3G,4G,No data,Wi-Fi,VoLTE,No data,No data,No data
538,Poco M5,Dual Sim, 3G,4G,No data,Wi-Fi,VoLTE,No data,No data,IR Blaster
539,Xiaomi Redmi 10C (4GB RAM + 128GB),Dual Sim, 3G,4G,No data,Wi-Fi,VoLTE,No data,No data,No data
540,ZTE Axon 40 Ultra 5G,Dual Sim, 3G,4G,5G,Wi-Fi,VoLTE,No data,NFC,No FM Radio
541,Xiaomi 12 Pro 5G (12GB RAM + 256GB),Dual Sim, 3G,4G,5G,Wi-Fi,VoLTE,No data,NFC,"IR Blaster, No FM Radio"
542,OPPO K10 (8GB RAM + 128GB),Dual Sim, 3G,4G,No data,Wi-Fi,VoLTE,No data,No data,No data
543,Huawei Nova 9 SE,Dual Sim, 3G,4G,No data,Wi-Fi,VoLTE,No data,NFC,No data
544,Samsung Galaxy S22 5G (8GB RAM + 256GB),Dual Sim, 3G,4G,5G,Wi-Fi,VoLTE,No data,NFC,Bluetooth
545,Lenovo Legion Y90,Dual Sim, 3G,4G,5G,Wi-Fi,VoLTE,No data,NFC,No FM Radio
546,Vivo Y55 5G,Dual Sim, 3G,4G,5G,Wi-Fi,VoLTE,No data,NFC,No data
547,Nokia X100 5G,Dual Sim, 3G,4G,5G,Wi-Fi,VoLTE,No data,NFC,No data
548,Realme 8s 5G (8GB RAM + 128GB),Dual Sim, 3G,4G,5G,Wi-Fi,VoLTE,No data,No data,No data
549,Realme 8s 5G,Dual Sim, 3G,4G,5G,Wi-Fi,VoLTE,No data,No data,No data
550,Nokia X60 Pro 5G,Dual Sim, 3G,4G,5G,Wi-Fi,VoLTE,No data,No data,No data
551,itel Magic 2 4G,Dual Sim, 3G,4G,No data,Wi-Fi,VoLTE,No data,No data,No data
552,Poco X5,Dual Sim, 3G,4G,5G,Wi-Fi,VoLTE,No data,No data,IR Blaster
553,Xiaomi Redmi Note 10 Pro Max (6GB RAM + 128GB),Dual Sim, 3G,4G,No data,Wi-Fi,VoLTE,No data,No data,IR Blaster
554,iQOO 7 (12GB RAM + 256GB),Dual Sim, 3G,4G,5G,Wi-Fi,VoLTE,No data,NFC,No FM Radio
555,Realme 8,Dual Sim, 3G,4G,No data,Wi-Fi,VoLTE,No data,No data,No data
556,Samsung Galaxy S20,Dual Sim, 3G,4G,No data,Wi-Fi,VoLTE,No data,NFC,No data
557,Xiaomi Redmi K60E,Dual Sim, 3G,4G,5G,Wi-Fi,VoLTE,No data,NFC,"IR Blaster, No FM Radio"
558,Motorola Moto E32s,Dual Sim, 3G,4G,No data,Wi-Fi,VoLTE,No data,No data,No data
559,OnePlus Nord 3T 5G,Dual Sim, 3G,4G,5G,Wi-Fi,VoLTE,No data,NFC,No FM Radio
560,OPPO F23 Pro Plus 5G,Dual Sim, 3G,4G,5G,Wi-Fi,VoLTE,No data,No data,No data
561,Poco F5 Pro,Dual Sim, 3G,4G,5G,Wi-Fi,VoLTE,No data,NFC,"IR Blaster, No FM Radio"
562,OPPO A16e (4GB RAM + 64GB),Dual Sim, 3G,4G,No data,Wi-Fi,VoLTE,No data,No data,No data
563,POCO M4 Pro 4G (8GB RAM + 128GB),Dual Sim, 3G,4G,No data,Wi-Fi,VoLTE,No data,No data,IR Blaster
564,Realme Narzo 50A,Dual Sim, 3G,4G,No data,Wi-Fi,VoLTE,No data,No data,No data
565,Asus ROG Phone 5s 5G,Dual Sim, 3G,4G,5G,Wi-Fi,VoLTE,No data,NFC,No FM Radio
566,Realme GT Master Edition 5G,Dual Sim, 3G,4G,5G,Wi-Fi,VoLTE,No data,NFC,No FM Radio
567,Samsung Galaxy A32 5G,Dual Sim, 3G,4G,5G,Wi-Fi,VoLTE,No data,NFC,No data
568,Nubia Red Magic 8 Pro Plus,Dual Sim, 3G,4G,5G,Wi-Fi,VoLTE,No data,NFC,No FM Radio
569,Samsung Galaxy Z Fold 3,Dual Sim, 3G,4G,5G,Wi-Fi,VoLTE,No data,NFC,No data
570,LG Wing 5G,Dual Sim, 3G,4G,5G,Wi-Fi,VoLTE,No data,NFC,No data
571,Xiaomi Redmi Note 9 Pro Max,Dual Sim, 3G,4G,No data,Wi-Fi,VoLTE,No data,No data,IR Blaster
572,Samsung Galaxy A52,Dual Sim, 3G,4G,No data,Wi-Fi,VoLTE,No data,No data,No data
573,Nokia 105 (2019),Single Sim,No data,No data,No data,Wi-Fi,No data,No data,No data,No data
574,Vivo Y71,Dual Sim, 3G,4G,No data,Wi-Fi,VoLTE,No data,No data,No data
575,Lyf C459,Dual Sim, 3G,4G,No data,Wi-Fi,VoLTE,No data,No data,No data
576,Samsung Galaxy A04e (3GB RAM + 64GB),Dual Sim, 3G,4G,No data,Wi-Fi,VoLTE,No data,No data,No data
577,Oppo A56s,Dual Sim, 3G,4G,5G,Wi-Fi,VoLTE,No data,No data,No data
578,Oppo Reno 8T 4G,Dual Sim, 3G,4G,No data,Wi-Fi,VoLTE,No data,NFC,No data
579,OPPO Reno 10,Dual Sim, 3G,4G,5G,Wi-Fi,VoLTE,No data,NFC,No FM Radio
580,Nokia G60,Dual Sim, 3G,4G,5G,Wi-Fi,VoLTE,No data,NFC,No data
581,OPPO A77 (4GB RAM + 128 GB),Dual Sim, 3G,4G,No data,Wi-Fi,VoLTE,No data,No data,No data
582,Nokia 8210 4G,Dual Sim, 3G,4G,No data,Wi-Fi,No data,No data,No data,No data
583,Motorola Edge 40 Pro 5G,Dual Sim, 3G,4G,5G,Wi-Fi,VoLTE,No data,NFC,No FM Radio
584,Oppo K10x 5G,Dual Sim, 3G,4G,5G,Wi-Fi,VoLTE,No data,No data,No FM Radio
585,iQOO Z6 Pro 5G (12GB RAM + 256GB),Dual Sim, 3G,4G,5G,Wi-Fi,VoLTE,No data,No data,No data
586,Nokia G21 (6GB RAM + 128GB),Dual Sim, 3G,4G,No data,Wi-Fi,VoLTE,No data,No data,No data
587,Samsung Galaxy A13 (6GB RAM + 128GB),Dual Sim, 3G,4G,No data,Wi-Fi,VoLTE,No data,No data,No data
588,OPPO A16K (4GB RAM + 64GB),Dual Sim, 3G,4G,No data,Wi-Fi,VoLTE,No data,No data,No data
589,Xiaomi Redmi 10C,Dual Sim, 3G,4G,No data,Wi-Fi,VoLTE,No data,No data,No data
590,Tecno Spark 9 Pro,Dual Sim, 3G,4G,No data,Wi-Fi,VoLTE,No data,No data,No data
591,Realme GT Neo 3 5G,Dual Sim, 3G,4G,5G,Wi-Fi,VoLTE,No data,NFC,No FM Radio
592,Xiaomi 11i HyperCharge 5G,Dual Sim, 3G,4G,5G,Wi-Fi,VoLTE,No data,No data,IR Blaster
593,iQOO Neo 6 SE 5G,Dual Sim, 3G,4G,5G,Wi-Fi,VoLTE,No data,No data,No data
594,iQOO 9 Pro 5G,Dual Sim, 3G,4G,5G,Wi-Fi,VoLTE,No data,NFC,No FM Radio
595,Realme Narzo 50i (4GB RAM + 64GB),Dual Sim, 3G,4G,No data,Wi-Fi,VoLTE,No data,No data,No data
596,Xiaomi Redmi 9 Activ (6GB RAM + 128GB),Dual Sim, 3G,4G,No data,Wi-Fi,VoLTE,No data,No data,No data
597,Jio JioPhone Next (3GB RAM + 32GB),Dual Sim, 3G,4G,No data,Wi-Fi,VoLTE,No data,No data,No data
598,Xiaomi Redmi Note 8 2021,Dual Sim, 3G,4G,No data,Wi-Fi,VoLTE,No data,No data,IR Blaster
599,Xiaomi Redmi Note 10 5G,Dual Sim, 3G,4G,5G,Wi-Fi,VoLTE,No data,No data,IR Blaster
600,Vivo Y20G,Dual Sim, 3G,4G,No data,Wi-Fi,VoLTE,No data,No data,No data
601,Samsung Galaxy A22 5G,Dual Sim, 3G,4G,5G,Wi-Fi,VoLTE,No data,No data,No data
602,Vivo V21,Dual Sim, 3G,4G,No data,Wi-Fi,VoLTE,No data,No data,No data
603,Realme 7 Pro (8GB RAM + 128GB),Dual Sim, 3G,4G,No data,Wi-Fi,VoLTE,No data,No data,No data
604,OnePlus Nord Lite,Dual Sim, 3G,4G,No data,Wi-Fi,VoLTE,No data,No data,No data
605,Samsung Galaxy S20 Ultra 5G,Dual Sim, 3G,4G,5G,Wi-Fi,VoLTE,No data,NFC,No data
606,Apple iPhone 11 Pro Max,Dual Sim, 3G,4G,No data,Wi-Fi,VoLTE,No data,NFC,No data
607,Apple iPhone 7s,Single Sim, 3G,4G,No data,Wi-Fi,VoLTE,No data,No data,No FM Radio
608,Namotel Achhe Din,Dual Sim, 3G,No data,No data,Wi-Fi,No data,No data,No data,Bluetooth
609,Sony Xperia Ace IV,Dual Sim, 3G,4G,No data,Wi-Fi,VoLTE,No data,NFC,No data
610,Samsung Galaxy A04e (4GB RAM + 128GB),Dual Sim, 3G,4G,No data,Wi-Fi,VoLTE,No data,No data,No data
611,Eunity U1 5605N,Dual Sim, No 3G,No data,No data,No data,No data,No data,No data,No data
612,Xiaomi Redmi Note 12 4G,Dual Sim, 3G,4G,No data,Wi-Fi,VoLTE,No data,No data,IR Blaster
613,Oukitel WP21,Dual Sim, 3G,4G,No data,Wi-Fi,VoLTE,No data,No data,No data
614,Vivo V28,Dual Sim, 3G,4G,5G,Wi-Fi,VoLTE,No data,No data,No data
615,Poco F4 5G (8GB RAM + 128GB),Dual Sim, 3G,4G,5G,Wi-Fi,VoLTE,No data,NFC,No FM Radio
616,Xiaomi Redmi Note 11T Pro 5G,Dual Sim, 3G,4G,5G,Wi-Fi,VoLTE,No data,NFC,IR Blaster
617,Realme Narzo 50 Pro 5G (8GB RAM + 128GB),Dual Sim, 3G,4G,5G,Wi-Fi,VoLTE,No data,No data,No data
618,Vivo T1 44W (8GB RAM + 128GB),Dual Sim, 3G,4G,No data,Wi-Fi,VoLTE,No data,No data,No data
619,Xiaomi Redmi Note 11S (6GB RAM + 128GB),Dual Sim, 3G,4G,No data,Wi-Fi,VoLTE,No data,No data,IR Blaster
620,Lava Agni 5G,Dual Sim, 3G,4G,5G,Wi-Fi,VoLTE,No data,No data,No data
621,Realme 8i (6GB RAM + 128GB),Dual Sim, 3G,4G,No data,Wi-Fi,VoLTE,No data,No data,No data
622,OPPO A55 4G,Dual Sim, 3G,4G,No data,Wi-Fi,VoLTE,No data,No data,No data
623,POCO M3 Pro 5G (6GB RAM + 128GB),Dual Sim, 3G,4G,5G,Wi-Fi,VoLTE,No data,No data,IR Blaster
624,Realme C21Y,Dual Sim, 3G,4G,No data,Wi-Fi,VoLTE,No data,No data,No data
625,OPPO A16,Dual Sim, 3G,4G,No data,Wi-Fi,VoLTE,No data,No data,No data
626,Vivo V21 5G,Dual Sim, 3G,4G,5G,Wi-Fi,VoLTE,No data,No data,No data
627,Nokia 225 4G,Dual Sim, 3G,4G,No data,No data,VoLTE,No data,No data,No data
628,Apple iPhone 12 Pro (512GB),Dual Sim, 3G,4G,5G,Wi-Fi,VoLTE,No data,NFC,No FM Radio
629,Sony Xperia 1 II,Dual Sim, 3G,4G,5G,Wi-Fi,VoLTE,No data,NFC,No data
630,Motorola Edge Plus,Single Sim, 3G,4G,5G,Wi-Fi,VoLTE,No data,NFC,No FM Radio
631,Samsung Galaxy Note 20,Dual Sim, 3G,4G,No data,Wi-Fi,VoLTE,No data,NFC,No FM Radio
632,Samsung Galaxy A12,Dual Sim, 3G,4G,No data,Wi-Fi,VoLTE,No data,No data,No data
633,Xiaomi Redmi Note 12 Pro 4G,Dual Sim, 3G,4G,No data,Wi-Fi,VoLTE,No data,NFC,"IR Blaster, No FM Radio"
634,Realme GT Neo 3T (8GB RAM + 128GB),Dual Sim, 3G,4G,5G,Wi-Fi,VoLTE,No data,No data,No FM Radio
635,Realme C30s (4GB RAM + 64GB),Dual Sim, 3G,4G,No data,Wi-Fi,VoLTE,No data,No data,No data
636,Apple iPhone 14 (512GB),Dual Sim, 3G,4G,5G,Wi-Fi,VoLTE,No data,NFC,No data
637,iQOO 9T 5G,Dual Sim, 3G,4G,5G,Wi-Fi,VoLTE,No data,NFC,"IR Blaster, No FM Radio"
638,Tecno Camon 19 Pro,Dual Sim, 3G,4G,No data,Wi-Fi,VoLTE,No data,No data,Bluetooth
639,OnePlus Nord 2 Lite 5G,Dual Sim, 3G,4G,5G,Wi-Fi,VoLTE,No data,NFC,No data
640,Nokia 105 Plus,Dual Sim,No data,No data,No data,No data,No data,No data,No data,No data
641,Samsung Galaxy S22 Ultra 5G (8GB RAM + 128GB),Dual Sim, 3G,4G,5G,Wi-Fi,VoLTE,No data,NFC,Bluetooth
642,POCO F4 GT 5G,Dual Sim, 3G,4G,5G,Wi-Fi,VoLTE,No data,NFC,IR Blaster
643,Xiaomi 11T Pro 5G (12GB RAM + 256GB),Dual Sim, 3G,4G,5G,Wi-Fi,VoLTE,No data,NFC,"IR Blaster, No FM Radio"
644,Vivo Y10,Dual Sim, 3G,4G,No data,Wi-Fi,VoLTE,No data,No data,Bluetooth
645,Nokia 2760 Flip,Dual Sim, 3G,4G,No data,Wi-Fi,No data,No data,No data,No data
646,Samsung Galaxy A83 5G,Dual Sim, 3G,4G,5G,Wi-Fi,VoLTE,No data,NFC,No data
647,Motorola Moto A10,Dual Sim,No data,No data,No data,No data,No data,No data,No data,No data
648,Vivo Y33s,Dual Sim, 3G,4G,No data,Wi-Fi,VoLTE,No data,No data,No data
649,Huawei Mate 40 Pro 4G,Dual Sim, 3G,4G,No data,Wi-Fi,VoLTE,No data,NFC,IR Blaster
650,Micromax IN 2B,Dual Sim, 3G,4G,No data,Wi-Fi,VoLTE,No data,No data,No data
651,Asus ROG Phone 6,Dual Sim, 3G,4G,5G,Wi-Fi,VoLTE,No data,NFC,No data
652,Realme X7 Max,Dual Sim, 3G,4G,5G,Wi-Fi,VoLTE,No data,NFC,No FM Radio
653,Realme 8 5G,Dual Sim, 3G,4G,5G,Wi-Fi,VoLTE,No data,No data,No data
654,OPPO A55 5G,Dual Sim, 3G,4G,5G,Wi-Fi,VoLTE,No data,No data,No data
655,Xiaomi Redmi 9,Dual Sim, 3G,4G,No data,Wi-Fi,VoLTE,No data,No data,No data
656,Apple iPhone SE 2020,Dual Sim, 3G,4G,No data,Wi-Fi,VoLTE,No data,NFC,No FM Radio
657,Zanco Tiny T1,Single Sim,No data,No data,No data,No data,No data,No data,No data,No data
658,Letv Y1 Pro Plus,Dual Sim, 3G,4G,No data,Wi-Fi,VoLTE,No data,No data,No FM Radio
659,OnePlus Nord 5,Dual Sim, 3G,4G,5G,Wi-Fi,VoLTE,No data,NFC,No FM Radio
660,Vivo Y73T,Dual Sim, 3G,4G,5G,Wi-Fi,VoLTE,No data,No data,No data
661,OPPO Reno 9 Z,Dual Sim, 3G,4G,5G,Wi-Fi,VoLTE,No data,NFC,No data
662,Vivo V25e,Dual Sim, 3G,4G,No data,Wi-Fi,VoLTE,No data,No data,No data
663,Infinix Hot 12 Pro,Dual Sim, 3G,4G,No data,Wi-Fi,VoLTE,No data,No data,No data
664,Realme Narzo 50 5G (4GB RAM + 64GB),Dual Sim, 3G,4G,5G,Wi-Fi,VoLTE,No data,No data,No data
665,itel it2163S,Dual Sim,No data,No data,No data,No data,No data,No data,No data,No data
666,itel Vision 3,Dual Sim, 3G,4G,No data,Wi-Fi,VoLTE,No data,No data,No data
667,OPPO A96 4G,Dual Sim, 3G,4G,No data,Wi-Fi,VoLTE,No data,No data,No data
668,Xiaomi Redmi Note 11E 5G,Dual Sim, 3G,4G,5G,Wi-Fi,VoLTE,No data,No data,IR Blaster
669,Honor Magic 4 Pro Plus 5G,Dual Sim, 3G,4G,5G,Wi-Fi,VoLTE,No data,NFC,No FM Radio
670,Tecno Spark 9T,Dual Sim, 3G,4G,No data,Wi-Fi,VoLTE,No data,No data,No data
671,Infinix Smart 6,Dual Sim, 3G,4G,No data,Wi-Fi,VoLTE,No data,No data,No data
672,Realme C25Y (4GB RAM + 64GB),Dual Sim, 3G,4G,No data,Wi-Fi,VoLTE,No data,No data,No data
673,Samsung Galaxy A12 (6GB RAM + 128GB),Dual Sim, 3G,4G,No data,Wi-Fi,VoLTE,No data,No data,No data
674,Tecno Camon 19,Dual Sim, 3G,4G,No data,Wi-Fi,VoLTE,No data,NFC,No data
675,Xiaomi Redmi Note 10 Pro 5G,Dual Sim, 3G,4G,5G,Wi-Fi,VoLTE,No data,NFC,IR Blaster
676,Xiaomi Mi 11X 5G (8GB RAM + 128GB),Dual Sim, 3G,4G,5G,Wi-Fi,VoLTE,No data,No data,"IR Blaster, No FM Radio"
677,Xiaomi Redmi Note 10 (6GB RAM + 128GB),Dual Sim, 3G,4G,No data,Wi-Fi,VoLTE,No data,No data,IR Blaster
678,Xiaomi Redmi Note 10 Pro Max,Dual Sim, 3G,4G,No data,Wi-Fi,VoLTE,No data,No data,IR Blaster
679,Xiaomi Mi 10T 5G,Dual Sim, 3G,4G,5G,Wi-Fi,VoLTE,No data,NFC,No FM Radio
680,LG Velvet 5G,Dual Sim, 3G,4G,5G,Wi-Fi,VoLTE,No data,NFC,No data
681,Motorola One Fusion Plus,Dual Sim, 3G,4G,No data,Wi-Fi,VoLTE,No data,No data,No data
682,LG V60 ThinQ,Dual Sim, 3G,4G,5G,Wi-Fi,VoLTE,No data,NFC,No data
683,Samsung Galaxy Note 10 Lite,Dual Sim, 3G,4G,No data,Wi-Fi,VoLTE,No data,NFC,No data
684,Samsung Galaxy Note 10 Plus 5G,Dual Sim, 3G,4G,5G,Wi-Fi,VoLTE,No data,NFC,IR Blaster
685,Xiaomi Qin 1,Dual Sim,No data,No data,No data,Wi-Fi,No data,No data,No data,No data
686,iQOO Neo 7 Racing Edition,Dual Sim, 3G,4G,5G,Wi-Fi,VoLTE,No data,NFC,"IR Blaster, No FM Radio"
687,Samsung Galaxy A04s (4GB RAM + 128GB),Dual Sim, 3G,4G,No data,Wi-Fi,VoLTE,No data,No data,No data
688,Vivo Y35 5G,Dual Sim, 3G,4G,5G,Wi-Fi,VoLTE,No data,No data,No data
689,Vivo Y02 (2GB RAM + 32GB),Dual Sim, 3G,4G,No data,Wi-Fi,VoLTE,No data,No data,No data
690,itel Vision 3 (2GB RAM + 32GB),Dual Sim, 3G,4G,No data,Wi-Fi,VoLTE,No data,No data,No data
691,Xiaomi Redmi Note 11R,Dual Sim, 3G,4G,5G,Wi-Fi,VoLTE,No data,No data,IR Blaster
692,Poco M6 Pro,Dual Sim, 3G,4G,5G,Wi-Fi,VoLTE,No data,No data,IR Blaster
693,OPPO A97 5G,Dual Sim, 3G,4G,5G,Wi-Fi,VoLTE,No data,No data,No data
694,Samsung Galaxy A24,Dual Sim, 3G,4G,No data,Wi-Fi,VoLTE,No data,No data,No data
695,Infinix Note 13 Pro,Dual Sim, 3G,4G,No data,Wi-Fi,VoLTE,No data,No data,No data
696,Honor Play 30,Dual Sim, 3G,4G,5G,Wi-Fi,VoLTE,No data,No data,No data
697,Infinix Smart 6 Plus,Dual Sim, 3G,4G,No data,Wi-Fi,VoLTE,No data,No data,No data
698,Sony Xperia 5 IV 5G,Dual Sim, 3G,4G,5G,Wi-Fi,VoLTE,No data,NFC,No data
699,Samsung Guru GT-E1215,Single Sim,No data,No data,No data,No data,No data,No data,No data,No data
700,Nubia Z40 Pro 5G,Dual Sim, 3G,4G,5G,Wi-Fi,VoLTE,No data,NFC,No FM Radio
701,Nokia G21,Dual Sim, 3G,4G,No data,Wi-Fi,VoLTE,No data,No data,No data
702,Xiaomi 12 Lite 5G,Dual Sim, 3G,4G,5G,Wi-Fi,VoLTE,No data,NFC,No data
703,Oppo Find N 5G,Dual Sim, 3G,4G,5G,Wi-Fi,VoLTE,No data,NFC,No data
704,Apple iPhone 13 Pro Max (256GB),Dual Sim, 3G,4G,5G,Wi-Fi,VoLTE,No data,NFC,No data
705,Vivo Y21s,Dual Sim, 3G,4G,No data,Wi-Fi,VoLTE,No data,No data,No data
706,OPPO F19s,Dual Sim, 3G,4G,No data,Wi-Fi,VoLTE,No data,No data,No data
707,Samsung Galaxy M21 2021,Dual Sim, 3G,4G,No data,Wi-Fi,VoLTE,No data,No data,No data
708,OPPO F19 Pro,Dual Sim, 3G,4G,No data,Wi-Fi,VoLTE,No data,No data,No data
709,OPPO X 2021,Single Sim, 3G,4G,No data,Wi-Fi,VoLTE,No data,No data,No data
710,OnePlus Nord N10,Dual Sim, 3G,4G,5G,Wi-Fi,VoLTE,No data,NFC,No data
711,Gionee M12 Pro,Dual Sim, 3G,4G,No data,Wi-Fi,No data,No data,No data,No data
712,Poco M2,Dual Sim, 3G,4G,No data,Wi-Fi,VoLTE,No data,No data,IR Blaster
713,OPPO F17 Pro,Dual Sim, 3G,4G,No data,Wi-Fi,VoLTE,No data,No data,No data
714,Motorola Moto G 5G,Dual Sim, 3G,4G,5G,Wi-Fi,VoLTE,No data,NFC,No data
715,Samsung Galaxy A50s,Dual Sim, 3G,4G,No data,Wi-Fi,VoLTE,No data,NFC,No data
716,Samsung Galaxy Note 10 Plus,Dual Sim, 3G,4G,No data,Wi-Fi,VoLTE,No data,NFC,No data
717,Vivo Y15,Dual Sim, 3G,4G,No data,Wi-Fi,VoLTE,No data,No data,No data
718,Vivo S1 Pro,Dual Sim, 3G,4G,No data,Wi-Fi,VoLTE,No data,No data,No data
719,Vivo T3 Pro,Dual Sim, 3G,4G,5G,Wi-Fi,VoLTE,Vo5G,No data,No data
720,Vivo V21s,Dual Sim, 3G,4G,5G,Wi-Fi,VoLTE,No data,NFC,No data
721,Asus ROG Phone 6D Ultimate,Dual Sim, 3G,4G,5G,Wi-Fi,VoLTE,No data,NFC,No data
722,Motorola Moto Edge 30 Neo,Dual Sim, 3G,4G,5G,Wi-Fi,VoLTE,No data,NFC,No FM Radio
723,Xiaomi 12T,Dual Sim, 3G,4G,5G,Wi-Fi,VoLTE,No data,NFC,"IR Blaster, No FM Radio"
724,Huawei Mate 50 Pro 5G,Dual Sim, 3G,4G,5G,Wi-Fi,VoLTE,No data,NFC,No data
725,Realme C32,Dual Sim, 3G,4G,No data,Wi-Fi,VoLTE,No data,No data,No data
726,Huawei Mate Xs 2,Dual Sim, 3G,4G,No data,Wi-Fi,VoLTE,No data,NFC,IR Blaster
727,iQOO Z7 Pro 5G,Dual Sim, 3G,4G,5G,Wi-Fi,VoLTE,No data,No data,No data
728,Apple iPhone 15,Dual Sim, 3G,4G,No data,Wi-Fi,VoLTE,No data,NFC,No data
729,Infinix Note 11S (8GB RAM + 128GB),Dual Sim, 3G,4G,No data,Wi-Fi,VoLTE,No data,No data,No data
730,Tecno Spark 8 (4GB RAM + 64GB),Dual Sim, 3G,4G,No data,Wi-Fi,VoLTE,No data,No data,No data
731,Oppo A56 5G,Dual Sim, 3G,4G,5G,Wi-Fi,VoLTE,No data,No data,No data
732,Vivo X80 Pro Plus 5G,Dual Sim, 3G,4G,5G,Wi-Fi,VoLTE,No data,NFC,No FM Radio
733,Xiaomi Redmi 10 Prime (6GB RAM + 128GB),Dual Sim, 3G,4G,No data,Wi-Fi,VoLTE,No data,No data,IR Blaster
734,Huawei Nova 9,Dual Sim, 3G,4G,No data,Wi-Fi,No data,No data,NFC,No FM Radio
735,Tecno Pop 5 Go,Dual Sim, 3G,No data,No data,Wi-Fi,No data,No data,No data,No data
736,Huawei P50 Pro 4G,Dual Sim, 3G,4G,No data,Wi-Fi,VoLTE,No data,NFC,IR Blaster
737,Xiaomi Redmi K50 5G,Dual Sim, 3G,4G,5G,Wi-Fi,VoLTE,No data,NFC,"IR Blaster, No FM Radio"
738,Nokia C01 Plus,Dual Sim, 3G,4G,No data,Wi-Fi,VoLTE,No data,No data,No data
739,Realme Q3,Dual Sim, 3G,4G,5G,Wi-Fi,VoLTE,No data,No data,No data
740,OPPO Reno 6 Pro Plus 5G,Dual Sim, 3G,4G,5G,Wi-Fi,VoLTE,No data,NFC,No FM Radio
741,Motorola Edge S,Dual Sim, 3G,4G,5G,Wi-Fi,VoLTE,No data,NFC,No data
742,Oppo Find X3 Pro,Dual Sim, 3G,4G,5G,Wi-Fi,VoLTE,No data,NFC,No FM Radio
743,Poco M3,Dual Sim, 3G,4G,No data,Wi-Fi,VoLTE,No data,No data,IR Blaster
744,itel S16,Dual Sim, 3G,4G,No data,Wi-Fi,VoLTE,No data,No data,No data
745,Vivo V20 Pro,Dual Sim, 3G,4G,5G,Wi-Fi,VoLTE,No data,No data,No FM Radio
746,Xiaomi Mi 10T Pro 5G,Dual Sim, 3G,4G,5G,Wi-Fi,VoLTE,No data,NFC,"IR Blaster, No FM Radio"
747,Vivo V19 (8GB RAM + 256GB),Dual Sim, 3G,4G,No data,Wi-Fi,VoLTE,No data,No data,No data
748,Nokia 400 4G,Dual Sim,No data,4G,No data,Wi-Fi,VoLTE,No data,No data,"Bluetooth, No FM Radio, No FM Radio,Bluetooth"
749,Samsung Galaxy S20 5G,Dual Sim, 3G,4G,5G,Wi-Fi,VoLTE,No data,NFC,No data
750,Vivo U3,Dual Sim, 3G,4G,No data,Wi-Fi,VoLTE,No data,No data,No data
751,Oppo K5 (8GB RAM + 128GB),Dual Sim, 3G,4G,No data,Wi-Fi,VoLTE,No data,No data,No data
752,Realme XT,Dual Sim, 3G,4G,No data,Wi-Fi,VoLTE,No data,No data,No data
753,Vivo Y12 (3GB RAM + 64GB),Dual Sim, 3G,4G,No data,Wi-Fi,VoLTE,No data,No data,No data
754,Apple iPod Touch (7th Gen),No data,No data,No data,No data,Wi-Fi,No data,No data,No data,"Bluetooth, Bluetooth"
755,Xiaomi Poco F1 (6GB RAM + 128GB),Dual Sim, 3G,4G,No data,Wi-Fi,VoLTE,No data,No data,No data
756,Poco C50 (3GB RAM + 32GB),Dual Sim, 3G,4G,No data,Wi-Fi,VoLTE,No data,No data,No data
757,Karbonn KU3i,Dual Sim,No data,No data,No data,No data,No data,No data,No data,No data
758,iKall Z19,Dual Sim, 3G,4G,No data,Wi-Fi,VoLTE,No data,No data,No data
759,Xiaomi Redmi K60 Gaming Edition,Dual Sim, 3G,4G,5G,Wi-Fi,VoLTE,No data,NFC,"IR Blaster, No FM Radio"
760,Vivo S17 Pro,Dual Sim, 3G,4G,5G,Wi-Fi,VoLTE,No data,NFC,No FM Radio
761,Honor 80 Pro Plus,Dual Sim, 3G,4G,5G,Wi-Fi,VoLTE,No data,NFC,No FM Radio
762,Apple iPhone SE 4,Dual Sim, 3G,4G,5G,Wi-Fi,VoLTE,No data,NFC,No FM Radio
763,Tecno Pova Neo 5G,Dual Sim, 3G,4G,No data,Wi-Fi,VoLTE,No data,No data,No data
764,Apple iPhone 14 Pro Max (512GB),Dual Sim, 3G,4G,5G,Wi-Fi,VoLTE,No data,NFC,No data
765,Google Pixel 8,Dual Sim, 3G,4G,5G,Wi-Fi,VoLTE,No data,NFC,No FM Radio
766,Vivo T2x 5G,Dual Sim, 3G,4G,5G,Wi-Fi,VoLTE,No data,No data,No FM Radio
767,Motorola Moto G52 5G,Dual Sim, 3G,4G,5G,Wi-Fi,VoLTE,No data,NFC,No data
768,Motorola Edge 40 5G,Dual Sim, 3G,4G,5G,Wi-Fi,VoLTE,No data,NFC,No FM Radio
769,Vivo X Note 5G (12GB RAM + 512GB),Dual Sim, 3G,4G,5G,Wi-Fi,VoLTE,No data,NFC,"IR Blaster, No FM Radio"
770,Realme GT 2 Pro 5G (12GB RAM + 256GB),Dual Sim, 3G,4G,5G,Wi-Fi,VoLTE,No data,NFC,Bluetooth
771,Vivo Y15C,Dual Sim, 3G,4G,No data,Wi-Fi,VoLTE,No data,No data,No data
772,Honor X8,Dual Sim, 3G,4G,No data,Wi-Fi,VoLTE,No data,No data,No FM Radio
773,Samsung Galaxy A03 (4GB RAM + 64GB),Dual Sim, 3G,4G,No data,Wi-Fi,VoLTE,No data,No data,No data
774,Samsung Galaxy S22 Plus 5G (8GB RAM + 256GB),Dual Sim, 3G,4G,5G,Wi-Fi,VoLTE,No data,NFC,Bluetooth
775,Vivo Y33T,Dual Sim, 3G,4G,No data,Wi-Fi,VoLTE,No data,No data,No data
776,Xiaomi 11i 5G (8GB RAM + 128GB),Dual Sim, 3G,4G,5G,Wi-Fi,VoLTE,No data,No data,IR Blaster
777,Oppo Find X5 Pro 5G,Dual Sim, 3G,4G,5G,Wi-Fi,VoLTE,No data,NFC,No FM Radio
778,Tecno Spark Go 2022,Dual Sim, 3G,4G,No data,Wi-Fi,VoLTE,No data,No data,No data
779,Vivo Y21e,Dual Sim, 3G,4G,No data,Wi-Fi,VoLTE,No data,No data,No data
780,Xiaomi Redmi 9A Sport,Dual Sim, 3G,4G,No data,Wi-Fi,VoLTE,No data,No data,No data
781,Apple iPhone 13 Pro Max (1TB),Dual Sim, 3G,4G,5G,Wi-Fi,VoLTE,No data,NFC,No data
782,Vivo Y12G (3GB RAM + 64GB),Dual Sim, 3G,4G,No data,Wi-Fi,VoLTE,No data,No data,No data
783,Vivo V23e,Dual Sim, 3G,4G,No data,Wi-Fi,VoLTE,No data,No data,No data
784,Samsung Galaxy F22 (6GB RAM + 128GB),Dual Sim, 3G,4G,No data,Wi-Fi,VoLTE,No data,No data,No data
785,Xiaomi 12 Ultra 5G,Dual Sim, 3G,4G,5G,Wi-Fi,VoLTE,No data,NFC,"IR Blaster, No FM Radio"
786,Micromax IN 2C,Dual Sim, 3G,4G,No data,Wi-Fi,VoLTE,No data,No data,No data
787,Samsung Galaxy A03s,Dual Sim, 3G,4G,No data,Wi-Fi,VoLTE,No data,No data,No data
788,OPPO A54 (4GB RAM + 128GB),Dual Sim, 3G,4G,No data,Wi-Fi,VoLTE,No data,No data,No data
789,Xiaomi Redmi 20X,Dual Sim, 3G,4G,5G,Wi-Fi,VoLTE,No data,No data,IR Blaster
790,Xiaomi Mi Mix Fold,Dual Sim, 3G,4G,5G,Wi-Fi,VoLTE,No data,NFC,IR Blaster
791,Realme Narzo 30 5G,Dual Sim, 3G,4G,5G,Wi-Fi,VoLTE,No data,NFC,No data
792,OPPO A54,Dual Sim, 3G,4G,No data,Wi-Fi,VoLTE,No data,No data,No data
793,Oppo A15s (4GB RAM + 128GB),Dual Sim, 3G,4G,No data,Wi-Fi,VoLTE,No data,No data,No data
794,itel A56,Dual Sim, 3G,4G,No data,Wi-Fi,VoLTE,No data,No data,No data
795,Xiaomi Redmi 9 Power,Dual Sim, 3G,4G,No data,Wi-Fi,VoLTE,No data,No data,IR Blaster
796,Samsung Galaxy S21 Plus,Dual Sim, 3G,4G,5G,Wi-Fi,VoLTE,No data,NFC,No FM Radio
797,POCO M2 Pro,Dual Sim, 3G,4G,No data,Wi-Fi,VoLTE,No data,No data,IR Blaster
798,Samsung Galaxy S20 Plus,Dual Sim, 3G,4G,No data,Wi-Fi,VoLTE,No data,NFC,No data
799,Realme 6 Pro,Dual Sim, 3G,4G,No data,Wi-Fi,VoLTE,No data,No data,No data
800,Huawei P40 Pro,Dual Sim, 3G,4G,5G,Wi-Fi,VoLTE,No data,NFC,No data
801,Vivo Y11 (2019),Dual Sim, 3G,4G,No data,Wi-Fi,VoLTE,No data,No data,No data
802,Vivo V15 Pro (8GB RAM +128GB),Dual Sim, 3G,4G,No data,Wi-Fi,VoLTE,No data,No data,No data
803,Vivo Y95,Dual Sim, 3G,4G,No data,Wi-Fi,VoLTE,No data,No data,No data
804,Vivo V11i,Dual Sim, 3G,4G,No data,Wi-Fi,VoLTE,No data,No data,No data
805,Samsung Galaxy S9 Plus (128GB),Dual Sim, 3G,4G,No data,Wi-Fi,VoLTE,No data,NFC,No data
806,Realme GT Neo 4T,Dual Sim, 3G,4G,5G,Wi-Fi,VoLTE,Vo5G,No data,No FM Radio
807,Vivo Y53t,Dual Sim, 3G,4G,5G,Wi-Fi,VoLTE,No data,No data,No data
808,Samsung Galaxy A04 (4GB RAM + 128GB),Dual Sim, 3G,4G,No data,Wi-Fi,VoLTE,No data,No data,No data
809,Leitz Phone 2,Dual Sim, 3G,4G,5G,Wi-Fi,VoLTE,No data,NFC,No data
810,Xiaomi Redmi K60i,Dual Sim, 3G,4G,5G,Wi-Fi,VoLTE,Vo5G,No data,"IR Blaster, Bluetooth"
811,Infinix Hot 20S,Dual Sim, 3G,4G,No data,Wi-Fi,VoLTE,No data,No data,No data
812,Realme GT Neo 3T (8GB RAM + 256GB),Dual Sim, 3G,4G,5G,Wi-Fi,VoLTE,No data,No data,No FM Radio
813,Apple iPhone 14 Plus (512GB),Dual Sim, 3G,4G,5G,Wi-Fi,VoLTE,No data,NFC,No data
814,Apple iPhone 14 Pro (1TB),Dual Sim, 3G,4G,5G,Wi-Fi,VoLTE,No data,NFC,No data
815,Xiaomi Redmi 13 Prime 5G,Dual Sim, 3G,4G,5G,Wi-Fi,VoLTE,No data,No data,IR Blaster
816,Xiaomi Redmi 11 Prime (6GB RAM + 128GB),Dual Sim, 3G,4G,No data,Wi-Fi,VoLTE,No data,No data,IR Blaster
817,itel Magic X,Dual Sim, 3G,4G,No data,Wi-Fi,VoLTE,No data,No data,No data
818,Nokia C21 Plus (4GB RAM + 64GB),Dual Sim, 3G,4G,No data,Wi-Fi,VoLTE,No data,No data,No data
819,OnePlus Nord N300,Dual Sim, 3G,4G,5G,Wi-Fi,VoLTE,No data,NFC,No data
820,Tecno Camon 19 Neo,Dual Sim, 3G,4G,No data,Wi-Fi,VoLTE,No data,NFC,Bluetooth
821,Realme Narzo 50i Prime,Dual Sim, 3G,4G,No data,Wi-Fi,VoLTE,No data,No data,No data
822,Xiaomi Redmi K50 Ultra 5G,Dual Sim, 3G,4G,5G,Wi-Fi,VoLTE,No data,NFC,"IR Blaster, No FM Radio"
823,OPPO A57 4G,Dual Sim, 3G,4G,No data,Wi-Fi,VoLTE,No data,No data,No data
824,Infinix Note 12 (6GB RAM + 128GB),Dual Sim, 3G,4G,No data,Wi-Fi,VoLTE,No data,No data,No data
825,Samsung Galaxy S23 FE 5G,Dual Sim, 3G,4G,5G,Wi-Fi,VoLTE,Vo5G,NFC,No data
826,Samsung Galaxy M51s 5G,Dual Sim, 3G,4G,5G,Wi-Fi,VoLTE,No data,No data,No data
827,Vivo X80 5G (12GB RAM + 256GB),Dual Sim, 3G,4G,5G,Wi-Fi,VoLTE,No data,No data,No data
828,Poco X6 Pro 5G,Dual Sim, 3G,4G,5G,Wi-Fi,VoLTE,No data,No data,No data
829,Infinix Note 12 (G96),Dual Sim, 3G,4G,No data,Wi-Fi,VoLTE,No data,No data,No data
830,Samsung Galaxy M14,Dual Sim, 3G,4G,No data,Wi-Fi,VoLTE,No data,No data,No data
831,Vivo T2 Pro 5G,Dual Sim, 3G,4G,5G,Wi-Fi,VoLTE,No data,No data,No data
832,Xiaomi Redmi 10 Prime Plus 5G,Dual Sim, 3G,4G,5G,Wi-Fi,VoLTE,No data,No data,IR Blaster
833,Xiaomi Redmi Note 11 Pro 4G,Dual Sim, 3G,4G,No data,Wi-Fi,VoLTE,No data,No data,IR Blaster
834,Realme Narzo 50A Prime,Dual Sim, 3G,4G,No data,Wi-Fi,VoLTE,No data,No data,No data
835,Eunity U1 King,Dual Sim,No data,No data,No data,No data,No data,No data,No data,No data
836,Vivo Y55s 5G,Dual Sim, 3G,4G,5G,Wi-Fi,VoLTE,No data,No data,Bluetooth
837,Vivo Y21T,Dual Sim, 3G,4G,No data,Wi-Fi,VoLTE,No data,No data,No data
838,Gionee K10,Dual Sim, 3G,4G,No data,Wi-Fi,VoLTE,No data,No data,No data
839,Xiaomi Redmi Note 10 Lite (4GB RAM + 128GB),Dual Sim, 3G,4G,No data,Wi-Fi,VoLTE,No data,No data,IR Blaster
840,Apple iPhone 13 (512GB),Dual Sim, 3G,4G,5G,Wi-Fi,VoLTE,No data,NFC,No data
841,Infinix Hot 11S,Dual Sim, 3G,4G,No data,Wi-Fi,VoLTE,No data,No data,No data
842,Realme GT Explorer Master Edition,Dual Sim, 3G,4G,5G,Wi-Fi,VoLTE,No data,NFC,No FM Radio
843,Xiaomi Mi 12 5G,Dual Sim, 3G,4G,5G,Wi-Fi,VoLTE,No data,NFC,"IR Blaster, No FM Radio"
844,CAT S22 Flip,Single Sim, 3G,4G,No data,Wi-Fi,VoLTE,No data,No data,No data
845,Xiaomi Mi 11 Lite (8GB RAM + 128GB),Dual Sim, 3G,4G,No data,Wi-Fi,VoLTE,No data,No data,IR Blaster
846,DIZO Star 500,Dual Sim,No data,No data,No data,No data,No data,No data,No data,No data
847,Realme Q3i 5G,Dual Sim, 3G,4G,5G,Wi-Fi,VoLTE,No data,No data,No data
848,Xiaomi Mi 11X Pro,Dual Sim, 3G,4G,5G,Wi-Fi,VoLTE,No data,No data,"IR Blaster, No FM Radio"
849,Lenovo Legion Pro 2,Dual Sim, 3G,4G,5G,Wi-Fi,VoLTE,No data,NFC,No FM Radio
850,Samsung Galaxy M62,Dual Sim, 3G,4G,No data,Wi-Fi,VoLTE,No data,NFC,No data
851,Realme Q2i,Dual Sim, 3G,4G,5G,Wi-Fi,VoLTE,No data,No data,No FM Radio
852,Nokia 215 4G,Dual Sim, 3G,4G,No data,No data,VoLTE,No data,No data,No data
853,Apple iPhone 12 Pro (256GB),Dual Sim, 3G,4G,5G,Wi-Fi,VoLTE,No data,NFC,No FM Radio
854,Xiaomi Redmi 9i (4GB RAM + 128GB),Dual Sim, 3G,4G,No data,Wi-Fi,VoLTE,No data,No data,No data
855,Realme 6 (6GB RAM + 64GB),Dual Sim, 3G,4G,No data,Wi-Fi,VoLTE,No data,No data,No data
856,Samsung Galaxy A01 Core,Dual Sim, 3G,4G,No data,Wi-Fi,VoLTE,No data,No data,No data
857,LG Folder 2,Single Sim, 3G,4G,No data,Wi-Fi,No data,No data,No data,No data
858,Oppo Reno 5,Dual Sim, 3G,4G,5G,Wi-Fi,VoLTE,No data,No data,Bluetooth
859,Oppo A31 2020 (6GB RAM + 128GB),Dual Sim, 3G,4G,No data,Wi-Fi,VoLTE,No data,No data,No data
860,Sony Xperia 10 II,Dual Sim, 3G,4G,No data,Wi-Fi,VoLTE,No data,NFC,No data
861,Vivo Y91c,Dual Sim, 3G,4G,No data,Wi-Fi,VoLTE,No data,No data,No data
862,Huawei Nova 7i,Dual Sim, 3G,4G,No data,Wi-Fi,VoLTE,No data,No data,No data
863,Vivo Y19,Dual Sim, 3G,4G,No data,Wi-Fi,VoLTE,No data,No data,No data
864,Vivo U3 (6GB RAM + 64GB),Dual Sim, 3G,4G,No data,Wi-Fi,VoLTE,No data,No data,No data
865,Xiaomi Redmi Note 9,Dual Sim, 3G,4G,No data,Wi-Fi,VoLTE,No data,No data,IR Blaster
866,Xiaomi Redmi 8 (4GB RAM + 64GB),Dual Sim, 3G,4G,No data,Wi-Fi,VoLTE,No data,No data,IR Blaster
867,Motorola One Macro,Dual Sim, 3G,4G,No data,Wi-Fi,VoLTE,No data,No data,No data
868,Google Pixel 3a XL,Single Sim, 3G,4G,No data,Wi-Fi,VoLTE,No data,NFC,No FM Radio
869,Samsung Galaxy A40,Dual Sim, 3G,4G,No data,Wi-Fi,VoLTE,No data,No data,No data
870,Samsung Galaxy S10 5G,Single Sim, 3G,4G,5G,Wi-Fi,VoLTE,No data,NFC,No data
871,Huawei Honor 9N,Dual Sim, 3G,4G,No data,Wi-Fi,VoLTE,No data,No data,No data
872,Xiaomi Redmi Note 4,Dual Sim, 3G,4G,No data,Wi-Fi,VoLTE,No data,No data,No data
873,BlackZone Ultra 4G,Dual Sim, 3G,4G,No data,No data,VoLTE,No data,No data,No data
874,Doogee V Max,Dual Sim, 3G,4G,5G,Wi-Fi,VoLTE,No data,No data,No data
875,Huawei Nova Y61,Dual Sim, 3G,4G,No data,Wi-Fi,VoLTE,No data,No data,No data
876,iQOO Z9,Dual Sim, 3G,4G,5G,Wi-Fi,VoLTE,No data,No data,No data
877,Vivo V29,Dual Sim, 3G,4G,5G,Wi-Fi,VoLTE,No data,No data,No data
878,Poco M5 (6GB RAM + 128GB),Dual Sim, 3G,4G,No data,Wi-Fi,VoLTE,No data,No data,IR Blaster
879,Nokia X30,Dual Sim, 3G,4G,5G,Wi-Fi,VoLTE,No data,NFC,No data
880,Tecno Pova Neo 2,Dual Sim, 3G,4G,No data,Wi-Fi,VoLTE,No data,No data,No data
881,Nokia 110 (2022),Dual Sim,No data,No data,No data,Wi-Fi,No data,No data,No data,No data
882,Nokia 5710 XpressAudio,Dual Sim, 3G,4G,No data,Wi-Fi,No data,No data,No data,No data
883,Vivo Y15C (3GB RAM + 64GB),Dual Sim, 3G,4G,No data,Wi-Fi,VoLTE,No data,No data,No data
884,Huawei Nova 10,Dual Sim, 3G,4G,No data,Wi-Fi,No data,No data,No data,No FM Radio
885,Huawei Nova Y90,Dual Sim, 3G,4G,No data,Wi-Fi,VoLTE,No data,NFC,No data
886,Samsung Galaxy A92 5G,Dual Sim, 3G,4G,5G,Wi-Fi,VoLTE,No data,No data,No data
887,Infinix Note 12 VIP,Dual Sim, 3G,4G,No data,Wi-Fi,VoLTE,No data,No data,No data
888,OnePlus Nord 4 5G,Dual Sim, 3G,4G,5G,Wi-Fi,VoLTE,No data,NFC,No FM Radio
889,Realme Narzo 50A Prime (4GB RAM + 128GB),Dual Sim, 3G,4G,No data,Wi-Fi,VoLTE,No data,No data,No data
890,OnePlus Ace 5G,Dual Sim, 3G,4G,5G,Wi-Fi,VoLTE,No data,NFC,No FM Radio
891,iQOO 9 5G (12GB RAM + 256GB),Dual Sim, 3G,4G,5G,Wi-Fi,VoLTE,No data,No data,No FM Radio
892,Xiaomi Redmi Note 12T 5G,Dual Sim, 3G,4G,5G,Wi-Fi,VoLTE,No data,No data,IR Blaster
893,Oppo A96 5G,Dual Sim, 3G,4G,5G,Wi-Fi,VoLTE,No data,No data,No data
894,Royole FlexPai 3 5G,Dual Sim, 3G,4G,5G,Wi-Fi,VoLTE,No data,No data,No data
895,Tecno Camon 18,Dual Sim, 3G,4G,No data,Wi-Fi,VoLTE,No data,NFC,Bluetooth
896,Tecno Phantom X Pro,Dual Sim, 3G,4G,No data,Wi-Fi,VoLTE,No data,No data,Bluetooth
897,Tecno Spark 8T,Dual Sim, 3G,4G,No data,Wi-Fi,VoLTE,No data,No data,No data
898,Realme GT Neo2 5G,Dual Sim, 3G,4G,5G,Wi-Fi,VoLTE,No data,NFC,No FM Radio
899,Sony Xperia 10 III Lite 5G,Single Sim, 3G,4G,5G,Wi-Fi,VoLTE,No data,NFC,No data
900,Realme G1,Dual Sim, 3G,4G,No data,Wi-Fi,VoLTE,No data,No data,No data
901,Tecno Pova 2,Dual Sim, 3G,4G,No data,Wi-Fi,VoLTE,No data,No data,No data
902,Poco X4,Dual Sim, 3G,4G,5G,Wi-Fi,VoLTE,No data,No data,No data
903,Motorola Moto G40 Fusion,Dual Sim, 3G,4G,No data,Wi-Fi,VoLTE,No data,No data,No data
904,OnePlus 9T,Dual Sim, 3G,4G,5G,Wi-Fi,VoLTE,No data,NFC,No data
905,Realme 8 (8GB RAM + 128GB),Dual Sim, 3G,4G,No data,Wi-Fi,VoLTE,No data,No data,No data
906,Realme Narzo 30 Pro 5G (8GB RAM +128GB),Dual Sim, 3G,4G,5G,Wi-Fi,VoLTE,No data,No data,No data
907,Itel A23 Pro,Dual Sim, 3G,4G,No data,Wi-Fi,No data,No data,No data,No FM Radio
908,Samsung Galaxy S21 Ultra 5G (12GB RAM + 128GB),Dual Sim, 3G,4G,5G,Wi-Fi,VoLTE,No data,NFC,No FM Radio
909,Oppo Reno 5 Pro 5G,Dual Sim, 3G,4G,5G,Wi-Fi,VoLTE,No data,No data,Bluetooth
910,OnePlus Nord SE,Dual Sim, 3G,4G,No data,Wi-Fi,VoLTE,No data,No data,No data
911,Samsung Galaxy M12,Dual Sim, 3G,4G,No data,Wi-Fi,VoLTE,No data,No data,No data
912,OnePlus Nord N100,Dual Sim, 3G,4G,No data,Wi-Fi,VoLTE,No data,No data,No data
913,Apple iPhone 12 Mini (256GB),Dual Sim, 3G,4G,5G,Wi-Fi,VoLTE,No data,NFC,No FM Radio
914,Apple iPhone 12 (256GB),Dual Sim, 3G,4G,5G,Wi-Fi,VoLTE,No data,NFC,No FM Radio
915,OPPO A15,Dual Sim, 3G,4G,No data,Wi-Fi,VoLTE,No data,No data,No data
916,Xiaomi Redmi Note 9 Pro (4GB RAM + 128GB),Dual Sim, 3G,4G,No data,Wi-Fi,VoLTE,No data,No data,IR Blaster
917,Nokia 150 (2020),Dual Sim,No data,No data,No data,No data,No data,No data,No data,No data
918,Oppo A12,Dual Sim, 3G,4G,No data,Wi-Fi,VoLTE,No data,No data,No data
919,Realme X50 Pro 5G (8GB RAM + 128GB),Dual Sim, 3G,4G,5G,Wi-Fi,VoLTE,No data,NFC,No data
920,Samsung Galaxy S20 Plus 5G,Dual Sim, 3G,4G,5G,Wi-Fi,VoLTE,No data,NFC,No data
921,Xiaomi Redmi K20 Pro Signature Edition,Dual Sim, 3G,4G,No data,Wi-Fi,VoLTE,No data,NFC,No data
922,Xiaomi Redmi Note 8 Pro,Dual Sim, 3G,4G,No data,Wi-Fi,VoLTE,No data,No data,IR Blaster
923,Realme A1,Dual Sim, 3G,4G,No data,Wi-Fi,VoLTE,No data,No data,No data
924,OPPO A73,Dual Sim, 3G,4G,No data,Wi-Fi,VoLTE,No data,No data,No data
925,Nokia 3310 4G,Dual Sim, 3G,4G,No data,Wi-Fi,VoLTE,No data,No data,No data
926,Lyf Earth 2,Dual Sim, 3G,4G,No data,Wi-Fi,VoLTE,No data,No data,No data
927,Samsung Guru E1200,Single Sim,No data,No data,No data,Wi-Fi,No data,No data,No data,No FM Radio
928,Apple iPhone 15 Plus,Dual Sim, 3G,4G,5G,Wi-Fi,VoLTE,Vo5G,NFC,No data
929,Vivo Y55s 2023,Dual Sim, 3G,4G,5G,Wi-Fi,VoLTE,No data,NFC,No data
930,iKall K88 Pro 4G,Dual Sim, 3G,4G,No data,No data,VoLTE,No data,No data,No data
931,Lava Blaze NXT,Dual Sim, 3G,4G,No data,Wi-Fi,VoLTE,No data,No data,No data
932,Eunity U1 Livo,Dual Sim,No data,No data,No data,No data,No data,No data,No data,No data
933,Tecno Camon 20 Premier,Dual Sim, 3G,4G,5G,Wi-Fi,VoLTE,No data,NFC,Bluetooth
934,OPPO Reno 8 House of Dragon Edition,Dual Sim, 3G,4G,5G,Wi-Fi,VoLTE,No data,NFC,No FM Radio
935,Motorola Moto E22s,Dual Sim, 3G,4G,No data,Wi-Fi,VoLTE,No data,No data,No data
936,Xiaomi Redmi A1 Plus (3GB RAM + 32GB),Dual Sim, 3G,4G,No data,Wi-Fi,VoLTE,No data,No data,No data
937,Infinix Hot 20i,Dual Sim, 3G,4G,No data,Wi-Fi,VoLTE,No data,No data,No data
938,Tecno Spark 9 (3GB RAM + 64GB),Dual Sim, 3G,4G,No data,Wi-Fi,VoLTE,No data,No data,No data
939,ZTE Axon 30S,Dual Sim, 3G,4G,5G,Wi-Fi,VoLTE,No data,NFC,No data
940,Honor X6,Dual Sim, 3G,4G,No data,Wi-Fi,VoLTE,No data,No data,No data
941,Xiaomi Civi 2,Dual Sim, 3G,4G,5G,Wi-Fi,VoLTE,No data,NFC,"IR Blaster, No FM Radio"
942,TCL Ion X,Dual Sim, 3G,4G,No data,Wi-Fi,VoLTE,No data,No data,No data
943,Samsung Galaxy Z Fold 4 (12GB RAM + 1TB),Dual Sim, 3G,4G,5G,Wi-Fi,VoLTE,No data,NFC,No data
944,Nothing Phone 1 Lite,Dual Sim, 3G,4G,5G,Wi-Fi,VoLTE,No data,NFC,No FM Radio
945,Motorola Moto Edge X30 Pro,Dual Sim, 3G,4G,5G,Wi-Fi,VoLTE,No data,NFC,No FM Radio
946,OnePlus Ace Pro,Dual Sim, 3G,4G,5G,Wi-Fi,VoLTE,No data,NFC,No FM Radio
947,Realme GT 2 Explorer Master Edition,Dual Sim, 3G,4G,5G,Wi-Fi,VoLTE,No data,NFC,Bluetooth
948,Samsung Galaxy M35,Dual Sim, 3G,4G,No data,Wi-Fi,VoLTE,No data,NFC,No data
949,Samsung Galaxy A05,Dual Sim, 3G,4G,No data,Wi-Fi,VoLTE,No data,No data,No data
950,Infinix Note 12 Turbo,Dual Sim, 3G,4G,No data,Wi-Fi,VoLTE,No data,No data,No data
951,POCO F5 GT 5G,Dual Sim, 3G,4G,5G,Wi-Fi,VoLTE,No data,NFC,IR Blaster
952,iQOO Z8 5G,Dual Sim, 3G,4G,5G,Wi-Fi,VoLTE,No data,No data,No data
953,Vivo Y55 4G,Dual Sim, 3G,4G,No data,Wi-Fi,VoLTE,No data,No data,No data
954,Vivo X Fold 5G (12GB RAM + 512GB),Dual Sim, 3G,4G,5G,Wi-Fi,VoLTE,No data,NFC,No data
955,Oppo K10 Pro 5G,Dual Sim, 3G,4G,5G,Wi-Fi,VoLTE,No data,No data,No data
956,Tecno Spark 8C,Dual Sim, 3G,4G,No data,Wi-Fi,VoLTE,No data,No data,No data
957,iQOO Z7 5G,Dual Sim, 3G,4G,5G,Wi-Fi,VoLTE,No data,No data,No data
958,Infinix Note 11 (6GB RAM + 128GB),Dual Sim, 3G,4G,No data,Wi-Fi,VoLTE,No data,No data,No data
959,Xiaomi 11i HyperCharge 5G (8GB RAM + 128GB),Dual Sim, 3G,4G,5G,Wi-Fi,VoLTE,No data,No data,IR Blaster
960,Samsung Galaxy F42 5G (8GB RAM + 128GB),Dual Sim, 3G,4G,5G,Wi-Fi,VoLTE,No data,No data,No data
961,Apple iPhone 13 Pro (1TB),Dual Sim, 3G,4G,5G,Wi-Fi,VoLTE,No data,NFC,No data
962,Nubia Red Magic 6S 5G,Dual Sim, 3G,4G,5G,Wi-Fi,VoLTE,No data,NFC,No FM Radio
963,Micromax IN 2B (6GB RAM + 64GB),Dual Sim, 3G,4G,No data,Wi-Fi,VoLTE,No data,No data,No data
964,Nokia X60 5G,Dual Sim, 3G,4G,5G,Wi-Fi,VoLTE,No data,No data,No data
965,Vivo Y12a,Dual Sim, 3G,4G,No data,Wi-Fi,VoLTE,No data,No data,No data
966,Oppo Reno 5A,Dual Sim, 3G,4G,5G,Wi-Fi,VoLTE,No data,No data,No data
967,Poco F3 GT,Dual Sim, 3G,4G,5G,Wi-Fi,VoLTE,No data,No data,"IR Blaster, No FM Radio"
968,Honor 50,Dual Sim, 3G,4G,5G,Wi-Fi,VoLTE,No data,NFC,No data
969,OPPO A54 (6GB RAM + 128GB),Dual Sim, 3G,4G,No data,Wi-Fi,VoLTE,No data,No data,No data
970,Realme 8i,Dual Sim, 3G,4G,No data,Wi-Fi,VoLTE,No data,No data,No data
971,iQOO 7 Legend,Dual Sim, 3G,4G,5G,Wi-Fi,VoLTE,No data,NFC,No FM Radio
972,Realme C11 2021,Dual Sim, 3G,4G,No data,Wi-Fi,VoLTE,No data,No data,No data
973,Samsung Galaxy A22,Dual Sim, 3G,4G,No data,Wi-Fi,VoLTE,No data,No data,No data
974,Realme GT 5G,Dual Sim, 3G,4G,5G,Wi-Fi,VoLTE,No data,NFC,No FM Radio
975,Google Pixel 5A,Single Sim, 3G,4G,5G,Wi-Fi,VoLTE,No data,NFC,No FM Radio
976,Samsung Galaxy F12,Dual Sim, 3G,4G,No data,Wi-Fi,VoLTE,No data,No data,No data
977,Samsung Galaxy F41 (6GB RAM + 128GB),Dual Sim, 3G,4G,No data,Wi-Fi,VoLTE,No data,No data,No data
978,Samsung Galaxy A21s (6GB RAM + 128GB),Dual Sim, 3G,4G,No data,Wi-Fi,VoLTE,No data,No data,No data
979,Xiaomi Redmi 9A (6GB RAM + 128GB),Dual Sim, 3G,4G,No data,Wi-Fi,VoLTE,No data,No data,No data
980,Vivo V20 SE,Dual Sim, 3G,4G,No data,Wi-Fi,VoLTE,No data,No data,No data
981,OPPO A53 2020 (6GB RAM + 128GB),Dual Sim, 3G,4G,No data,Wi-Fi,VoLTE,No data,No data,No data
982,Realme Narzo 20,Dual Sim, 3G,4G,No data,Wi-Fi,VoLTE,No data,No data,No data
983,itel Vision 1 (3GB RAM + 32GB),Dual Sim, 3G,4G,No data,Wi-Fi,VoLTE,No data,No data,No data
984,Realme C11,Dual Sim, 3G,4G,No data,Wi-Fi,VoLTE,No data,No data,No data
985,Xiaomi Mi 10 5G (8GB RAM + 256GB),Dual Sim, 3G,4G,5G,Wi-Fi,VoLTE,No data,NFC,IR Blaster
986,Vivo Y21 (2020),Dual Sim, 3G,4G,No data,Wi-Fi,VoLTE,No data,No data,No data
987,OnePlus Z,Dual Sim, 3G,4G,No data,Wi-Fi,VoLTE,No data,No data,No data
988,Nokia 5310 Dual Sim,Dual Sim,No data,No data,No data,No data,No data,No data,No data,No data
989,Sharp Aquos R5G,Dual Sim, 3G,4G,No data,Wi-Fi,VoLTE,No data,NFC,No data
990,Huawei Mate 30 RS Porsche Design,Dual Sim, 3G,4G,5G,Wi-Fi,VoLTE,No data,NFC,IR Blaster
991,Samsung Galaxy A11,Dual Sim, 3G,4G,No data,Wi-Fi,VoLTE,No data,No data,No data
992,Realme C2,Dual Sim, 3G,4G,No data,Wi-Fi,VoLTE,No data,No data,No data
993,Huawei Mate X,Dual Sim, 3G,4G,5G,Wi-Fi,VoLTE,No data,NFC,IR Blaster
994,Samsung Galaxy A9 Pro (2019),Dual Sim, 3G,4G,No data,Wi-Fi,VoLTE,No data,NFC,No data
995,Samsung Galaxy A7 (2018),Dual Sim, 3G,4G,No data,Wi-Fi,VoLTE,No data,No data,No data
996,Vivo Y55S,Dual Sim, 3G,4G,No data,Wi-Fi,VoLTE,No data,No data,No data
997,Poco C55,Dual Sim, 3G,4G,No data,Wi-Fi,VoLTE,No data,No data,No data
998,Blackview BV5200 Pro,Dual Sim, 3G,4G,5G,Wi-Fi,VoLTE,No data,NFC,No data
999,Honor X7a,Dual Sim, 3G,4G,No data,Wi-Fi,VoLTE,No data,No data,No data
1000,XTouch F40 Flip,Dual Sim, No 3G,No data,No data,Wi-Fi,No data,No data,No data,No data
1001,OPPO A58x,Dual Sim, 3G,4G,5G,Wi-Fi,VoLTE,No data,No data,No data
1002,Doogee S99,Dual Sim, 3G,4G,No data,Wi-Fi,VoLTE,No data,NFC,No data
1003,Lava X3,Dual Sim, 3G,4G,No data,Wi-Fi,VoLTE,No data,No data,No data
1004,Motorola Edge 40 Fusion,Dual Sim, 3G,4G,5G,Wi-Fi,VoLTE,No data,NFC,No data
1005,iKall Z18,Dual Sim, 3G,4G,No data,Wi-Fi,VoLTE,No data,No data,No data
1006,Oukitel WP9,Dual Sim, 3G,4G,No data,Wi-Fi,No data,No data,NFC,No data
1007,Xiaomi 14,Dual Sim, 3G,4G,5G,Wi-Fi,VoLTE,Vo5G,NFC,"IR Blaster, No FM Radio"
1008,Motorola ThinkPhone,Dual Sim, 3G,4G,5G,Wi-Fi,VoLTE,Vo5G,NFC,No FM Radio
1009,Xiaomi Civi 3,Dual Sim, 3G,4G,5G,Wi-Fi,VoLTE,No data,NFC,"IR Blaster, No FM Radio"
1010,Realme Narzo 50i Prime (4GB RAM + 64GB),Dual Sim, 3G,4G,No data,Wi-Fi,VoLTE,No data,No data,No data
1011,Oppo Find X6,Dual Sim, 3G,4G,5G,Wi-Fi,VoLTE,No data,NFC,No FM Radio
1012,itel A23s,Dual Sim, 3G,4G,No data,Wi-Fi,No data,No data,No data,No FM Radio
1013,Google Pixel 8 Pro,Dual Sim, 3G,4G,5G,Wi-Fi,VoLTE,No data,NFC,No FM Radio
1014,Vivo X Fold 2,Dual Sim, 3G,4G,5G,Wi-Fi,VoLTE,No data,NFC,No data
1015,Motorola Moto Edge S30 Pro,Dual Sim, 3G,4G,5G,Wi-Fi,VoLTE,No data,No data,No FM Radio
1016,Honor X8 5G,Dual Sim, 3G,4G,5G,Wi-Fi,VoLTE,No data,No data,No data
1017,POCO X4 GT 5G (8GB RAM + 256GB),Dual Sim, 3G,4G,5G,Wi-Fi,VoLTE,No data,NFC,IR Blaster
1018,Motorola Moto G91 5G,Dual Sim, 3G,4G,5G,Wi-Fi,VoLTE,No data,NFC,No data
1019,Samsung Galaxy M52s 5G,Dual Sim, 3G,4G,5G,Wi-Fi,VoLTE,No data,No data,No data
